word,trend,h,p,z,slope,n_obs
secular,increasing,True,0.0012821837418053,3.219937887599697,0.0307470560073852,10
controversial,increasing,True,0.0018457213176963,3.113995776646092,0.0193274617195129,11
ideological,increasing,True,0.0023575275957954,3.041052449399714,0.017990333693368,10
rifle,increasing,True,0.0030934493227612,2.9582959878137878,0.0169065594673157,11
invasion,increasing,True,0.0030934493227612,2.9582959878137878,0.027116984128952,11
abiding,increasing,True,0.0042075512854917,2.862167011199731,0.031302511692047,10
arabia,increasing,True,0.0048785644750335,2.814944589770509,0.0282320857048034,9
regarding,increasing,True,0.0050693095567015,2.8025961989814827,0.0251273661851882,11
supporter,increasing,True,0.0050693095567015,2.8025961989814827,0.0171584401811872,11
bigot,increasing,True,0.0050693095567015,2.8025961989814827,0.02427339553833,11
aisle,increasing,True,0.0050693095567015,2.8025961989814827,0.0147036761045456,11
labeled,increasing,True,0.0050693095567015,2.8025961989814827,0.0331958276884896,11
insurance,increasing,True,0.0081234233042735,2.646896410149178,0.0099959870179494,11
religion,increasing,True,0.0081234233042735,2.646896410149178,0.0093384534120559,11
paul,increasing,True,0.0081234233042735,2.646896410149178,0.0176195833418104,11
attacking,increasing,True,0.0081234233042735,2.646896410149178,0.0117934346199035,11
victims,increasing,True,0.0081234233042735,2.646896410149178,0.0163947939872741,11
oppose,increasing,True,0.0081234233042735,2.646896410149178,0.0111074248949686,11
firearm,increasing,True,0.0081234233042735,2.646896410149178,0.0139982899030049,11
soldiers,increasing,True,0.0081234233042735,2.646896410149178,0.0136407273156302,11
genocide,increasing,True,0.0081234233042735,2.646896410149178,0.0137707988421122,11
economically,increasing,True,0.0081234233042735,2.646896410149178,0.0186802744865417,11
npr,increasing,True,0.0081234233042735,2.646896410149178,0.0219548344612121,11
disproportionately,increasing,True,0.0091491475795937,2.606430175713435,0.0169753566384315,9
debunked,increasing,True,0.0091491475795937,2.606430175713435,0.0117807537317275,9
gore,increasing,True,0.0122660613862128,2.5043961347997645,0.0160897771517435,10
killing,increasing,True,0.0127313642699236,2.491196621316873,0.0101043283939361,11
racists,increasing,True,0.0127313642699236,2.491196621316873,0.0142157971858978,11
economics,increasing,True,0.0127313642699236,2.491196621316873,0.010857343673706,11
shootings,increasing,True,0.0127313642699236,2.491196621316873,0.0136569738388061,11
borders,increasing,True,0.0127313642699236,2.491196621316873,0.0090435147285461,11
nancy,increasing,True,0.01648865672767,2.39791576165636,0.0113598778843879,9
declaration,increasing,True,0.01648865672767,2.39791576165636,0.023094642162323,9
conservatives,increasing,True,0.0195174811821776,2.335496832484569,0.0125103116035461,11
ban,increasing,True,0.0195174811821776,2.335496832484569,0.0078264102339744,11
sides,increasing,True,0.0195174811821776,2.335496832484569,0.009386134147644,11
fascist,increasing,True,0.0195174811821776,2.335496832484569,0.0109416047732035,11
poverty,increasing,True,0.0195174811821776,2.335496832484569,0.0116797089576721,11
criminals,increasing,True,0.0195174811821776,2.335496832484569,0.0128304362297058,11
leaning,increasing,True,0.0195174811821776,2.335496832484569,0.0138801932334899,11
recession,increasing,True,0.0195174811821776,2.335496832484569,0.0140762229760487,11
ideals,increasing,True,0.0195174811821776,2.335496832484569,0.0109339237213134,11
fetus,increasing,True,0.0195174811821776,2.335496832484569,0.0107310116291046,11
taxpayers,increasing,True,0.0195174811821776,2.335496832484569,0.006403020450047,11
violate,increasing,True,0.0195174811821776,2.335496832484569,0.015177845954895,11
eastern,increasing,True,0.0195174811821776,2.335496832484569,0.0125465542078018,11
communists,increasing,True,0.0195174811821776,2.335496832484569,0.0147693157196044,11
blacks,increasing,True,0.0200446686226274,2.3255106965997814,0.0125409364700317,10
outlets,increasing,True,0.0200446686226274,2.3255106965997814,0.0095982381275722,10
hypocrite,increasing,True,0.0200446686226274,2.3255106965997814,0.0236988812685012,10
bombing,increasing,True,0.0200446686226274,2.3255106965997814,0.0233440895875295,10
bail,increasing,True,0.0200446686226274,2.3255106965997814,0.0253399461507797,10
mongering,increasing,True,0.0200446686226274,2.3255106965997814,0.0286113172769546,10
ethnic,increasing,True,0.0200446686226274,2.3255106965997814,0.0115692019462584,10
jefferson,increasing,True,0.0200446686226274,2.3255106965997814,0.0219190597534179,10
islamic,increasing,True,0.028567681801513,2.189401347599285,0.0337277799844741,9
homicide,increasing,True,0.028567681801513,2.189401347599285,0.0246283690134684,9
totalitarian,increasing,True,0.028567681801513,2.189401347599285,0.0151205609242121,9
moderate,increasing,True,0.0292725091863046,2.179797043652264,0.0059161980946858,11
fbi,increasing,True,0.0292725091863046,2.179797043652264,0.0062341690063476,11
ideology,increasing,True,0.0292725091863046,2.179797043652264,0.0119242131710052,11
clintons,increasing,True,0.0292725091863046,2.179797043652264,0.0117930968602498,11
nra,increasing,True,0.0292725091863046,2.179797043652264,0.0192112071173531,11
legally,increasing,True,0.0292725091863046,2.179797043652264,0.0084840655326843,11
racial,increasing,True,0.0292725091863046,2.179797043652264,0.0049485138484409,11
regulation,increasing,True,0.0292725091863046,2.179797043652264,0.0127128660678863,11
misinformation,increasing,True,0.0292725091863046,2.179797043652264,0.0185526268822806,11
principles,increasing,True,0.0292725091863046,2.179797043652264,0.0090603828430175,11
african,increasing,True,0.0292725091863046,2.179797043652264,0.0083835124969482,11
protections,increasing,True,0.0292725091863046,2.179797043652264,0.0121325084141322,11
retirement,increasing,True,0.0292725091863046,2.179797043652264,0.0095094111230638,11
european,increasing,True,0.0292725091863046,2.179797043652264,0.0127475261688232,11
prolife,increasing,True,0.0292725091863046,2.179797043652264,0.0084120035171508,11
vietnam,increasing,True,0.0292725091863046,2.179797043652264,0.0095496997237205,11
wingers,increasing,True,0.0292725091863046,2.179797043652264,0.0270760133862495,11
prochoice,increasing,True,0.0292725091863046,2.179797043652264,0.0149936278661092,11
socialists,increasing,True,0.0292725091863046,2.179797043652264,0.029356837272644,11
satire,increasing,True,0.0292725091863046,2.179797043652264,0.0193575739860534,11
heritage,increasing,True,0.0292725091863046,2.179797043652264,0.0118658542633056,11
feds,increasing,True,0.0292725091863046,2.179797043652264,0.011853814125061,11
midterms,increasing,True,0.0318231273864901,2.146625258399798,0.0171681046485901,10
libertarians,increasing,True,0.0318231273864901,2.146625258399798,0.0161384840806325,10
fascists,increasing,True,0.0318231273864901,2.146625258399798,0.0336491465568542,10
elizabeth,increasing,True,0.0318231273864901,2.146625258399798,0.0184286137421925,10
losers,increasing,True,0.0318231273864901,2.146625258399798,0.0102010071277618,10
journalism,increasing,True,0.0318231273864901,2.146625258399798,0.0121450424194335,10
unbiased,increasing,True,0.0318231273864901,2.146625258399798,0.01949343085289,10
comment,increasing,True,0.042960146028425,2.02409725481996,0.0053187906742095,11
allowed,increasing,True,0.042960146028425,2.02409725481996,0.0046552121639251,11
joe,increasing,True,0.042960146028425,2.02409725481996,0.0073242485523224,11
view,increasing,True,0.042960146028425,2.02409725481996,0.0075188704899379,11
primaries,increasing,True,0.042960146028425,2.02409725481996,0.019354373216629,11
reform,increasing,True,0.042960146028425,2.02409725481996,0.0141596719622612,11
georgia,increasing,True,0.042960146028425,2.02409725481996,0.0125412940979004,11
libertarian,increasing,True,0.042960146028425,2.02409725481996,0.0078465223312377,11
birth,increasing,True,0.042960146028425,2.02409725481996,0.0080080231030781,11
wars,increasing,True,0.042960146028425,2.02409725481996,0.0038589537143707,11
governments,increasing,True,0.042960146028425,2.02409725481996,0.0053071230649948,11
army,increasing,True,0.042960146028425,2.02409725481996,0.0087277740240097,11
morally,increasing,True,0.042960146028425,2.02409725481996,0.0105052164622715,11
judicial,increasing,True,0.042960146028425,2.02409725481996,0.0082059502601623,11
patriot,increasing,True,0.042960146028425,2.02409725481996,0.0245966017246246,11
bankrupt,increasing,True,0.042960146028425,2.02409725481996,0.0101410150527954,11
activists,increasing,True,0.042960146028425,2.02409725481996,0.0138920048872629,11
harris,increasing,True,0.0476039547278714,1.9808869335422103,0.0140774697065353,9
syria,increasing,True,0.0476039547278714,1.9808869335422103,0.0113406740128994,9
leftists,increasing,True,0.0476039547278714,1.9808869335422103,0.0112105980515479,9
lunatics,increasing,True,0.0476039547278714,1.9808869335422103,0.0301625251770019,9
cuban,increasing,True,0.0476039547278714,1.9808869335422103,0.0448751300573349,9
socialized,increasing,True,0.0476039547278714,1.9808869335422103,0.0209361501038074,9
inequality,increasing,True,0.0490979816092655,1.9677398201998149,0.0130142072836558,10
ben,increasing,True,0.0490979816092655,1.9677398201998149,0.023266281400408,10
interference,increasing,True,0.0490979816092655,1.9677398201998149,0.0175851285457611,10
cia,increasing,True,0.0490979816092655,1.9677398201998149,0.0146478584834507,10
limbaugh,increasing,True,0.0490979816092655,1.9677398201998149,0.0148086667060852,10
gang,increasing,True,0.0490979816092655,1.9677398201998149,0.0234447002410888,10
oppressed,increasing,True,0.0490979816092655,1.9677398201998149,0.0206514000892639,10
journalist,increasing,True,0.0490979816092655,1.9677398201998149,0.014396207673209,10
redistribution,increasing,True,0.0490979816092655,1.9677398201998149,0.0261116623878479,10
judge,decreasing,True,0.0127313642699236,-2.491196621316873,-0.0085917860269546,11
hypocrisy,decreasing,True,0.0195174811821776,-2.335496832484569,-0.0063341259956359,11
war,decreasing,True,0.042960146028425,-2.02409725481996,-0.01254631791796,11
lawyers,decreasing,True,0.042960146028425,-2.02409725481996,-0.0120175838470458,11
boycott,decreasing,True,0.0490979816092655,-1.9677398201998149,-0.0131906509399413,10
opinion,no trend,False,0.0617066900283127,1.868397465987655,0.0090335408846537,11
lives,no trend,False,0.0617066900283127,1.868397465987655,0.0041305720806121,11
reality,no trend,False,0.0617066900283127,-1.868397465987655,-0.0074658766388893,11
countries,no trend,False,0.0617066900283127,1.868397465987655,0.0059070810675621,11
racism,no trend,False,0.0617066900283127,1.868397465987655,0.0081130862236022,11
mass,no trend,False,0.0617066900283127,-1.868397465987655,-0.0097676873207092,11
medical,no trend,False,0.0617066900283127,1.868397465987655,0.0062047243118285,11
businesses,no trend,False,0.0617066900283127,1.868397465987655,0.0046554704507191,11
assault,no trend,False,0.0617066900283127,1.868397465987655,0.0108026464780171,11
flag,no trend,False,0.0617066900283127,-1.868397465987655,-0.0063148736953735,11
nominee,no trend,False,0.0617066900283127,1.868397465987655,0.0169202089309693,11
cnn,no trend,False,0.0617066900283127,1.868397465987655,0.0119048833847046,11
minorities,no trend,False,0.0617066900283127,1.868397465987655,0.0075318046978541,11
global,no trend,False,0.0617066900283127,1.868397465987655,0.0068440735340118,11
socialism,no trend,False,0.0617066900283127,1.868397465987655,0.0128531356652577,11
payer,no trend,False,0.0617066900283127,1.868397465987655,0.0113208293914795,11
germany,no trend,False,0.0617066900283127,1.868397465987655,0.0127927422523498,11
restrictions,no trend,False,0.0617066900283127,1.868397465987655,0.0121203064918518,11
mainstream,no trend,False,0.0617066900283127,1.868397465987655,0.0117238561312357,11
bigotry,no trend,False,0.0617066900283127,1.868397465987655,0.0116662581761678,11
mandate,no trend,False,0.0617066900283127,1.868397465987655,0.0081280946731567,11
mayor,no trend,False,0.0617066900283127,1.868397465987655,0.011808054787772,11
immoral,no trend,False,0.0617066900283127,1.868397465987655,0.0180591344833374,11
midterm,no trend,False,0.0736382701203026,1.7888543819998317,0.0271404981613159,10
taxing,no trend,False,0.0736382701203026,1.7888543819998317,0.0184742808341979,10
neighborhoods,no trend,False,0.0736382701203026,1.7888543819998317,0.0099602580070495,10
impeachment,no trend,False,0.0763327403763571,-1.7723725194851356,-0.0086308717727661,9
reid,no trend,False,0.0763327403763571,1.7723725194851356,0.0298696830868721,9
stalin,no trend,False,0.0763327403763571,1.7723725194851356,0.018537075746627,9
house,no trend,False,0.0867681727038756,-1.7126976771553506,-0.0082296927769978,11
majority,no trend,False,0.0867681727038756,1.7126976771553506,0.0069950819015503,11
policy,no trend,False,0.0867681727038756,-1.7126976771553506,-0.0086163149939642,11
taxes,no trend,False,0.0867681727038756,1.7126976771553506,0.0049931009610493,11
poor,no trend,False,0.0867681727038756,1.7126976771553506,0.009181261062622,11
business,no trend,False,0.0867681727038756,1.7126976771553506,0.0045026540756225,11
truth,no trend,False,0.0867681727038756,-1.7126976771553506,-0.0065412521362304,11
foreign,no trend,False,0.0867681727038756,-1.7126976771553506,-0.006644457578659,11
warren,no trend,False,0.0867681727038756,1.7126976771553506,0.0058826357126235,11
favor,no trend,False,0.0867681727038756,1.7126976771553506,0.0114956299463907,11
shot,no trend,False,0.0867681727038756,1.7126976771553506,0.0083915472030639,11
defend,no trend,False,0.0867681727038756,1.7126976771553506,0.0093939503033955,11
science,no trend,False,0.0867681727038756,1.7126976771553506,0.0082627236843109,11
attacks,no trend,False,0.0867681727038756,1.7126976771553506,0.0106776158014933,11
organization,no trend,False,0.0867681727038756,1.7126976771553506,0.0096036911010742,11
citizen,no trend,False,0.0867681727038756,1.7126976771553506,0.0063468292355537,11
firearms,no trend,False,0.0867681727038756,1.7126976771553506,0.0076941351095835,11
slavery,no trend,False,0.0867681727038756,-1.7126976771553506,-0.0054714679718017,11
equality,no trend,False,0.0867681727038756,1.7126976771553506,0.0077439308166503,11
afghanistan,no trend,False,0.0867681727038756,1.7126976771553506,0.0081233456730842,11
americas,no trend,False,0.0867681727038756,1.7126976771553506,0.009131908416748,11
communist,no trend,False,0.0867681727038756,1.7126976771553506,0.0105790197849273,11
whites,no trend,False,0.0867681727038756,1.7126976771553506,0.0078334978648594,11
communism,no trend,False,0.0867681727038756,1.7126976771553506,0.0082566365599632,11
idiotic,no trend,False,0.0867681727038756,1.7126976771553506,0.0161586801211039,11
invade,no trend,False,0.0867681727038756,1.7126976771553506,0.0154585093259811,11
mcconnell,no trend,False,0.1074046363302536,1.6099689437998486,0.0110151001385279,10
guard,no trend,False,0.1074046363302536,1.6099689437998486,0.0085678100585937,10
nationalism,no trend,False,0.1074046363302536,1.6099689437998486,0.0156166156133015,10
chaos,no trend,False,0.117850895021365,-1.563858105428061,-0.0090290407339732,9
vile,no trend,False,0.117850895021365,1.563858105428061,0.0137213990092277,9
reporter,no trend,False,0.117850895021365,1.563858105428061,0.0139859616756439,9
historic,no trend,False,0.117850895021365,1.563858105428061,0.0148306980729102,9
mexicans,no trend,False,0.117850895021365,1.563858105428061,0.0100800017515818,9
hollywood,no trend,False,0.117850895021365,1.563858105428061,0.0124687016010284,9
mandated,no trend,False,0.117850895021365,1.563858105428061,0.0122029193810054,9
handouts,no trend,False,0.117850895021365,1.563858105428061,0.0160489946603775,9
money,no trend,False,0.1194709867717007,1.556997888323046,0.0043627023696899,11
senate,no trend,False,0.1194709867717007,-1.556997888323046,-0.0042714277903238,11
won,no trend,False,0.1194709867717007,-1.556997888323046,-0.0047003428141276,11
fair,no trend,False,0.1194709867717007,1.556997888323046,0.0051882147789001,11
lie,no trend,False,0.1194709867717007,-1.556997888323046,-0.0045211513837178,11
dnc,no trend,False,0.1194709867717007,1.556997888323046,0.0083965957164764,11
discussion,no trend,False,0.1194709867717007,1.556997888323046,0.0054918229579925,11
conspiracy,no trend,False,0.1194709867717007,1.556997888323046,0.0094125866889953,11
corrupt,no trend,False,0.1194709867717007,1.556997888323046,0.0059019923210144,11
supports,no trend,False,0.1194709867717007,1.556997888323046,0.005145788192749,11
socialist,no trend,False,0.1194709867717007,1.556997888323046,0.0065457522869109,11
inflation,no trend,False,0.1194709867717007,1.556997888323046,0.0122137516736984,11
campaigns,no trend,False,0.1194709867717007,1.556997888323046,0.0124588012695312,11
controlled,no trend,False,0.1194709867717007,1.556997888323046,0.0100201268990834,11
chief,no trend,False,0.1194709867717007,1.556997888323046,0.0049918095270792,11
penalty,no trend,False,0.1194709867717007,1.556997888323046,0.0076761245727538,11
sentiment,no trend,False,0.1194709867717007,1.556997888323046,0.0096613367398579,11
gay,no trend,False,0.1524062839567492,1.4310835055998654,0.0065499305725097,10
ballots,no trend,False,0.1524062839567492,1.4310835055998654,0.0083440674675835,10
jews,no trend,False,0.1524062839567492,1.4310835055998654,0.0106739004453023,10
islam,no trend,False,0.1524062839567492,1.4310835055998654,0.007863312959671,10
prosecuted,no trend,False,0.1524062839567492,1.4310835055998654,0.0067492127418518,10
mexican,no trend,False,0.1524062839567492,1.4310835055998654,0.0062500834465026,10
latino,no trend,False,0.1524062839567492,1.4310835055998654,0.013826032479604,10
ally,no trend,False,0.1524062839567492,1.4310835055998654,0.0121065122740609,10
any,no trend,False,0.1611249492890518,1.4012980994907414,0.0056850016117096,11
white,no trend,False,0.1611249492890518,1.4012980994907414,0.0079515576362609,11
minimum,no trend,False,0.1611249492890518,1.4012980994907414,0.0102276404698689,11
military,no trend,False,0.1611249492890518,1.4012980994907414,0.0040464401245117,11
policies,no trend,False,0.1611249492890518,1.4012980994907414,0.0029957635062081,11
race,no trend,False,0.1611249492890518,1.4012980994907414,0.0035362413951328,11
kids,no trend,False,0.1611249492890518,1.4012980994907414,0.00384454925855,11
income,no trend,False,0.1611249492890518,1.4012980994907414,0.0038377404212951,11
paying,no trend,False,0.1611249492890518,1.4012980994907414,0.0030809789896011,11
protect,no trend,False,0.1611249492890518,1.4012980994907414,0.0056939721107482,11
twitter,no trend,False,0.1611249492890518,1.4012980994907414,0.0068577527999877,11
senator,no trend,False,0.1611249492890518,1.4012980994907414,0.0074754357337951,11
labor,no trend,False,0.1611249492890518,1.4012980994907414,0.0048697710037231,11
faith,no trend,False,0.1611249492890518,-1.4012980994907414,-0.0085262060165405,11
individuals,no trend,False,0.1611249492890518,1.4012980994907414,0.0073135375976562,11
moral,no trend,False,0.1611249492890518,-1.4012980994907414,-0.0039249261220296,11
aca,no trend,False,0.1611249492890518,1.4012980994907414,0.0047534227371215,11
biased,no trend,False,0.1611249492890518,1.4012980994907414,0.0111652091145515,11
representatives,no trend,False,0.1611249492890518,1.4012980994907414,0.0069500889096941,11
armed,no trend,False,0.1611249492890518,1.4012980994907414,0.009566307067871,11
innocent,no trend,False,0.1611249492890518,1.4012980994907414,0.0074323862791061,11
trial,no trend,False,0.1611249492890518,1.4012980994907414,0.0046310424804687,11
west,no trend,False,0.1611249492890518,1.4012980994907414,0.0104896426200866,11
capitalism,no trend,False,0.1611249492890518,1.4012980994907414,0.0087342602866036,11
muslim,no trend,False,0.1611249492890518,1.4012980994907414,0.005474530160427,11
attacked,no trend,False,0.1611249492890518,1.4012980994907414,0.0070729255676269,11
authoritarian,no trend,False,0.1611249492890518,1.4012980994907414,0.0117783844470977,11
teachers,no trend,False,0.1611249492890518,1.4012980994907414,0.0082195997238159,11
reelection,no trend,False,0.1611249492890518,1.4012980994907414,0.0111767575144767,11
forcing,no trend,False,0.1611249492890518,1.4012980994907414,0.0057660142580668,11
duty,no trend,False,0.1611249492890518,1.4012980994907414,0.0043957829475402,11
arrest,no trend,False,0.1611249492890518,1.4012980994907414,0.0083166733384132,11
lgbt,no trend,False,0.1611249492890518,1.4012980994907414,0.0092095971107483,11
msnbc,no trend,False,0.1611249492890518,1.4012980994907414,0.0079457759857177,11
hypocritical,no trend,False,0.1611249492890518,1.4012980994907414,0.0111379623413085,11
freedoms,no trend,False,0.1611249492890518,1.4012980994907414,0.0105459094047546,11
council,no trend,False,0.1611249492890518,1.4012980994907414,0.0109180510044097,11
impeach,no trend,False,0.1753080808082736,1.355343691370986,0.0125010567052023,9
supremacist,no trend,False,0.1753080808082736,1.355343691370986,0.0158338199059168,9
legislatures,no trend,False,0.1753080808082736,1.355343691370986,0.0124110380808512,9
traitors,no trend,False,0.2104977000553374,1.2521980673998825,0.0154474973678589,10
admin,no trend,False,0.2104977000553374,1.2521980673998825,0.012942761182785,10
leftist,no trend,False,0.2104977000553374,1.2521980673998825,0.0085315704345703,10
civilian,no trend,False,0.2104977000553374,1.2521980673998825,0.0099901358286539,10
populations,no trend,False,0.2104977000553374,1.2521980673998825,0.0090060744966779,10
illegals,no trend,False,0.2104977000553374,1.2521980673998825,0.0050278306007385,10
outraged,no trend,False,0.2104977000553374,1.2521980673998825,0.015580986227308,10
segregation,no trend,False,0.2104977000553374,1.2521980673998825,0.009285882115364,10
bernie,no trend,False,0.2129119028115045,1.2455983106584367,0.0065213016101292,11
left,no trend,False,0.2129119028115045,1.2455983106584367,0.0058036361421857,11
campaign,no trend,False,0.2129119028115045,1.2455983106584367,0.0013093749682108,11
rules,no trend,False,0.2129119028115045,1.2455983106584367,0.0094750693866184,11
liberals,no trend,False,0.2129119028115045,1.2455983106584367,0.0066910535097122,11
progressive,no trend,False,0.2129119028115045,1.2455983106584367,0.007665866613388,11
disagree,no trend,False,0.2129119028115045,1.2455983106584367,0.0041286945343017,11
wage,no trend,False,0.2129119028115045,1.2455983106584367,0.0045853927731514,11
florida,no trend,False,0.2129119028115045,1.2455983106584367,0.0108751853307088,11
climate,no trend,False,0.2129119028115045,1.2455983106584367,0.0065135806798935,11
dem,no trend,False,0.2129119028115045,1.2455983106584367,0.0155520439147949,11
defense,no trend,False,0.2129119028115045,1.2455983106584367,0.0049582521120707,11
jesus,no trend,False,0.2129119028115045,1.2455983106584367,0.0069903901645115,11
immigration,no trend,False,0.2129119028115045,-1.2455983106584367,-0.0040012896060943,11
trade,no trend,False,0.2129119028115045,1.2455983106584367,0.0049914002418517,11
york,no trend,False,0.2129119028115045,1.2455983106584367,0.0093457273074558,11
press,no trend,False,0.2129119028115045,-1.2455983106584367,-0.004073785410987,11
drug,no trend,False,0.2129119028115045,1.2455983106584367,0.00399249792099,11
fascism,no trend,False,0.2129119028115045,1.2455983106584367,0.0196513533592224,11
opposition,no trend,False,0.2129119028115045,1.2455983106584367,0.0050148367881774,11
proven,no trend,False,0.2129119028115045,1.2455983106584367,0.0035237073898315,11
partisan,no trend,False,0.2129119028115045,-1.2455983106584367,-0.0050202012062072,11
vp,no trend,False,0.2129119028115045,1.2455983106584367,0.0111665527025858,11
domestic,no trend,False,0.2129119028115045,1.2455983106584367,0.0067402720451355,11
iran,no trend,False,0.2129119028115045,1.2455983106584367,0.0048795768192836,11
banning,no trend,False,0.2129119028115045,1.2455983106584367,0.0080171525478362,11
troops,no trend,False,0.2129119028115045,1.2455983106584367,0.0063482721646626,11
western,no trend,False,0.2129119028115045,1.2455983106584367,0.0093803150313241,11
mob,no trend,False,0.2129119028115045,1.2455983106584367,0.0091848373413086,11
scientific,no trend,False,0.2129119028115045,1.2455983106584367,0.0089646975199381,11
regime,no trend,False,0.2129119028115045,1.2455983106584367,0.0101198107004165,11
hospitals,no trend,False,0.2129119028115045,1.2455983106584367,0.0082766910394032,11
pray,no trend,False,0.2129119028115045,1.2455983106584367,0.0112035804324679,11
taliban,no trend,False,0.2514521865080219,1.1468292773139113,0.0145067473252614,9
bloomberg,no trend,False,0.2514521865080219,1.1468292773139113,0.013810709118843,9
traitor,no trend,False,0.2514521865080219,1.1468292773139113,0.0098437815904617,9
sanctions,no trend,False,0.2514521865080219,1.1468292773139113,0.0119433403015136,9
states,no trend,False,0.2757578478275093,-1.089898521826132,-0.0079846893038068,11
power,no trend,False,0.2757578478275093,-1.089898521826132,-0.0083323866128921,11
clinton,no trend,False,0.2757578478275093,1.089898521826132,0.0042930603027343,11
voter,no trend,False,0.2757578478275093,1.089898521826132,0.0020101751599992,11
rich,no trend,False,0.2757578478275093,-1.089898521826132,-0.0034615198771158,11
legal,no trend,False,0.2757578478275093,-1.089898521826132,-0.0033556669950485,11
wing,no trend,False,0.2757578478275093,1.089898521826132,0.0104030668735504,11
economic,no trend,False,0.2757578478275093,1.089898521826132,0.003297671675682,11
politicians,no trend,False,0.2757578478275093,-1.089898521826132,-0.0041635632514953,11
supreme,no trend,False,0.2757578478275093,1.089898521826132,0.0068977773189544,11
speech,no trend,False,0.2757578478275093,-1.089898521826132,-0.0039176940917968,11
criminal,no trend,False,0.2757578478275093,1.089898521826132,0.0062494959150041,11
presidency,no trend,False,0.2757578478275093,1.089898521826132,0.0050658285617828,11
legislation,no trend,False,0.2757578478275093,1.089898521826132,0.0017475230353219,11
fraud,no trend,False,0.2757578478275093,-1.089898521826132,-0.0028716772794723,11
investigation,no trend,False,0.2757578478275093,-1.089898521826132,-0.0064263343811035,11
surprised,no trend,False,0.2757578478275093,1.089898521826132,0.0022803783416748,11
opinions,no trend,False,0.2757578478275093,1.089898521826132,0.0034902890523274,11
immigrants,no trend,False,0.2757578478275093,1.089898521826132,0.0039194325606028,11
safety,no trend,False,0.2757578478275093,1.089898521826132,0.0049272775650024,11
budget,no trend,False,0.2757578478275093,1.089898521826132,0.0030779466032981,11
property,no trend,False,0.2757578478275093,1.089898521826132,0.0016436576843261,11
intelligence,no trend,False,0.2757578478275093,-1.089898521826132,-0.0050220290819803,11
cities,no trend,False,0.2757578478275093,1.089898521826132,0.0048732161521911,11
authority,no trend,False,0.2757578478275093,1.089898521826132,0.0043285489082336,11
followers,no trend,False,0.2757578478275093,-1.089898521826132,-0.0017697811126708,11
hatred,no trend,False,0.2757578478275093,1.089898521826132,0.008197546005249,11
mexico,no trend,False,0.2757578478275093,1.089898521826132,0.0036911283220563,11
muslims,no trend,False,0.2757578478275093,1.089898521826132,0.0059654882975987,11
officers,no trend,False,0.2757578478275093,1.089898521826132,0.0082610100507736,11
appears,no trend,False,0.2757578478275093,1.089898521826132,0.0050821781158447,11
governors,no trend,False,0.2757578478275093,1.089898521826132,0.0101355791091918,11
caucus,no trend,False,0.2757578478275093,1.089898521826132,0.0106042524178822,11
conflict,no trend,False,0.2757578478275093,1.089898521826132,0.0045582950115203,11
affiliation,no trend,False,0.2757578478275093,1.089898521826132,0.0118812546133995,11
elite,no trend,False,0.2757578478275093,1.089898521826132,0.0069685578346252,11
division,no trend,False,0.2831308706623465,-1.073312629199899,-0.0061253309249878,10
overthrow,no trend,False,0.2831308706623465,1.073312629199899,0.0070474318095615,10
un,no trend,False,0.2831308706623465,1.073312629199899,0.0050677955150604,10
lmao,no trend,False,0.3480826236329239,0.9383148632568366,0.0167078162942614,9
nc,no trend,False,0.3480826236329239,0.9383148632568366,0.0129573762416839,9
rnc,no trend,False,0.3480826236329239,0.9383148632568366,0.0067004412412643,9
activist,no trend,False,0.3480826236329239,0.9383148632568366,0.0127244506563459,9
votes,no trend,False,0.3502013891792956,-0.9341987329938276,-0.0029711127281189,11
media,no trend,False,0.3502013891792956,-0.9341987329938276,-0.0035205841064453,11
literally,no trend,False,0.3502013891792956,-0.9341987329938276,-0.0026681025822957,11
candidates,no trend,False,0.3502013891792956,0.9341987329938276,0.0024172067642211,11
calling,no trend,False,0.3502013891792956,0.9341987329938276,0.005238389968872,11
education,no trend,False,0.3502013891792956,-0.9341987329938276,-0.0034778714179992,11
wall,no trend,False,0.3502013891792956,0.9341987329938276,0.0060182909170786,11
freedom,no trend,False,0.3502013891792956,0.9341987329938276,0.0053689032793045,11
views,no trend,False,0.3502013891792956,0.9341987329938276,0.0029809698462486,11
propaganda,no trend,False,0.3502013891792956,0.9341987329938276,0.0042799770832061,11
california,no trend,False,0.3502013891792956,0.9341987329938276,0.0077898332050868,11
weapons,no trend,False,0.3502013891792956,0.9341987329938276,0.0055756568908691,11
ballot,no trend,False,0.3502013891792956,0.9341987329938276,0.0053691864013672,11
city,no trend,False,0.3502013891792956,0.9341987329938276,0.0049976195607866,11
funding,no trend,False,0.3502013891792956,0.9341987329938276,0.0037930965423583,11
proof,no trend,False,0.3502013891792956,0.9341987329938276,0.0028691351413726,11
values,no trend,False,0.3502013891792956,0.9341987329938276,0.0026293396949768,11
movement,no trend,False,0.3502013891792956,0.9341987329938276,0.0066835284233093,11
strategy,no trend,False,0.3502013891792956,0.9341987329938276,0.008070429166158,11
welfare,no trend,False,0.3502013891792956,0.9341987329938276,0.0056677034923008,11
shooting,no trend,False,0.3502013891792956,0.9341987329938276,0.0023561045527458,11
county,no trend,False,0.3502013891792956,0.9341987329938276,0.0085522890090942,11
constitutional,no trend,False,0.3502013891792956,0.9341987329938276,0.0043046133858816,11
reagan,no trend,False,0.3502013891792956,0.9341987329938276,0.007046602666378,11
rightwing,no trend,False,0.3502013891792956,0.9341987329938276,0.0113265173775809,11
pelosi,no trend,False,0.3502013891792956,0.9341987329938276,0.0071937541166941,11
george,no trend,False,0.3502013891792956,0.9341987329938276,0.003087568283081,11
terrorist,no trend,False,0.3502013891792956,0.9341987329938276,0.008208155632019,11
drugs,no trend,False,0.3502013891792956,0.9341987329938276,0.008394569158554,11
bias,no trend,False,0.3502013891792956,0.9341987329938276,0.0052768290042877,11
enforcement,no trend,False,0.3502013891792956,0.9341987329938276,0.0064975917339324,11
radical,no trend,False,0.3502013891792956,0.9341987329938276,0.0044022117342267,11
ny,no trend,False,0.3502013891792956,0.9341987329938276,0.0024352669715881,11
criticism,no trend,False,0.3502013891792956,0.9341987329938276,0.006241038441658,11
victim,no trend,False,0.3502013891792956,0.9341987329938276,0.0046219825744629,11
attorney,no trend,False,0.3502013891792956,0.9341987329938276,0.0036389430363973,11
enemies,no trend,False,0.3502013891792956,-0.9341987329938276,-0.0035880804061889,11
officer,no trend,False,0.3502013891792956,0.9341987329938276,0.0071087649890354,11
cop,no trend,False,0.3502013891792956,0.9341987329938276,0.014807512362798,11
reelected,no trend,False,0.3502013891792956,0.9341987329938276,0.0066857784986495,11
unconstitutional,no trend,False,0.3502013891792956,0.9341987329938276,0.0032235913806491,11
unpopular,no trend,False,0.3502013891792956,0.9341987329938276,0.0038398653268814,11
shooter,no trend,False,0.3502013891792956,0.9341987329938276,0.0034514835902622,11
eligible,no trend,False,0.3502013891792956,0.9341987329938276,0.0046847263971964,11
speeches,no trend,False,0.3502013891792956,0.9341987329938276,0.0053432285785675,11
blatantly,no trend,False,0.3502013891792956,0.9341987329938276,0.0076673030853271,11
enact,no trend,False,0.3502013891792956,0.9341987329938276,0.0101354047656059,11
tweet,no trend,False,0.3710933695226974,0.8944271909999159,0.0126670002937316,10
classified,no trend,False,0.3710933695226974,0.8944271909999159,0.0186677745410374,10
clown,no trend,False,0.3710933695226974,0.8944271909999159,0.0111445122294955,10
cabinet,no trend,False,0.3710933695226974,0.8944271909999159,0.0084232773099626,10
rubio,no trend,False,0.3710933695226974,0.8944271909999159,0.0091411074002583,10
trump,no trend,False,0.4362749288405292,-0.778498944161523,-0.0069197501455034,11
right,no trend,False,0.4362749288405292,0.778498944161523,0.0043399095535278,11
president,no trend,False,0.4362749288405292,-0.778498944161523,-0.0039265652497609,11
obama,no trend,False,0.4362749288405292,-0.778498944161523,-0.0050162408086988,11
political,no trend,False,0.4362749288405292,-0.778498944161523,-0.003354899585247,11
sanders,no trend,False,0.4362749288405292,0.778498944161523,0.0070810317993164,11
candidate,no trend,False,0.4362749288405292,0.778498944161523,0.0029228499957493,11
racist,no trend,False,0.4362749288405292,0.778498944161523,0.0046148538589477,11
bill,no trend,False,0.4362749288405292,-0.778498944161523,-0.003593236207962,11
jobs,no trend,False,0.4362749288405292,0.778498944161523,0.0050702393054962,11
united,no trend,False,0.4362749288405292,-0.778498944161523,-0.0044545605778694,11
abortion,no trend,False,0.4362749288405292,0.778498944161523,0.0051794052124023,11
illegal,no trend,False,0.4362749288405292,-0.778498944161523,-0.002853981086186,11
choice,no trend,False,0.4362749288405292,-0.778498944161523,-0.0007272124290466,11
bush,no trend,False,0.4362749288405292,0.778498944161523,0.0047674604824611,11
attack,no trend,False,0.4362749288405292,0.778498944161523,0.0047032535076141,11
false,no trend,False,0.4362749288405292,0.778498944161523,0.0021892488002777,11
wins,no trend,False,0.4362749288405292,0.778498944161523,0.0075977245966593,11
prison,no trend,False,0.4362749288405292,-0.778498944161523,-0.0054085910320282,11
progressives,no trend,False,0.4362749288405292,0.778498944161523,0.0040555198987325,11
ignorant,no trend,False,0.4362749288405292,0.778498944161523,0.0033492786543709,11
presidents,no trend,False,0.4362749288405292,-0.778498944161523,-0.0032520956463284,11
china,no trend,False,0.4362749288405292,0.778498944161523,0.0042987863222758,11
culture,no trend,False,0.4362749288405292,-0.778498944161523,-0.0042604953050613,11
prices,no trend,False,0.4362749288405292,0.778498944161523,0.0036051935619778,11
romney,no trend,False,0.4362749288405292,0.778498944161523,0.0080143383571079,11
church,no trend,False,0.4362749288405292,0.778498944161523,0.0022092660268147,11
anti,no trend,False,0.4362749288405292,0.778498944161523,0.0047133763631184,11
fund,no trend,False,0.4362749288405292,0.778498944161523,0.0012420217196146,11
terrorists,no trend,False,0.4362749288405292,0.778498944161523,0.0029043704271316,11
career,no trend,False,0.4362749288405292,-0.778498944161523,-0.009004384279251,11
christians,no trend,False,0.4362749288405292,0.778498944161523,0.0046200901269912,11
loans,no trend,False,0.4362749288405292,-0.778498944161523,-0.0014979124069213,11
stance,no trend,False,0.4362749288405292,0.778498944161523,0.0042832046747207,11
abortions,no trend,False,0.4362749288405292,0.778498944161523,0.003024023771286,11
bible,no trend,False,0.4362749288405292,0.778498944161523,0.0034452676773071,11
liberalism,no trend,False,0.4362749288405292,0.778498944161523,0.0058650374412536,11
identity,no trend,False,0.4362749288405292,0.778498944161523,0.0038830935955047,11
liberty,no trend,False,0.4362749288405292,0.778498944161523,0.0039627313613891,11
billionaires,no trend,False,0.4362749288405292,0.778498944161523,0.0061556696891785,11
conservatism,no trend,False,0.4362749288405292,0.778498944161523,0.0083776031221662,11
disease,no trend,False,0.4362749288405292,0.778498944161523,0.0043470039963722,11
electorate,no trend,False,0.4362749288405292,0.778498944161523,0.0051676988601684,11
homes,no trend,False,0.4362749288405292,0.778498944161523,0.0067301477704729,11
protesters,no trend,False,0.4362749288405292,0.778498944161523,0.0068347283772059,11
brainwashed,no trend,False,0.4362749288405292,0.778498944161523,0.0091900825500488,11
diversity,no trend,False,0.4362749288405292,0.778498944161523,0.0031974554061889,11
pregnancy,no trend,False,0.4362749288405292,0.778498944161523,0.004960869039808,11
tyranny,no trend,False,0.4362749288405292,-0.778498944161523,-0.0074072054454258,11
morality,no trend,False,0.4362749288405292,0.778498944161523,0.0031874060630798,11
charity,no trend,False,0.4362749288405292,0.778498944161523,0.0095772504806518,11
oppression,no trend,False,0.4362749288405292,0.778498944161523,0.0106513925961085,11
doctrine,no trend,False,0.4362749288405292,0.778498944161523,0.0062969326972961,11
putin,no trend,False,0.4655121698741866,0.7298004491997617,0.0022614683423723,9
immigrant,no trend,False,0.4655121698741866,-0.7298004491997617,-0.0035964419444401,9
incompetence,no trend,False,0.4655121698741866,0.7298004491997617,0.0060213128725687,9
patriotic,no trend,False,0.4655121698741866,0.7298004491997617,0.0075255455005736,9
republicans,no trend,False,0.5334165134726945,0.6227991553292184,0.0054982423782348,11
government,no trend,False,0.5334165134726945,0.6227991553292184,0.0030615925788879,11
win,no trend,False,0.5334165134726945,-0.6227991553292184,-0.0033396482467651,11
agree,no trend,False,0.5334165134726945,0.6227991553292184,0.0032060841719309,11
world,no trend,False,0.5334165134726945,0.6227991553292184,0.00369274020195,11
rights,no trend,False,0.5334165134726945,0.6227991553292184,0.0014047523339589,11
guns,no trend,False,0.5334165134726945,0.6227991553292184,0.0054977759718895,11
fox,no trend,False,0.5334165134726945,-0.6227991553292184,-0.003246384859085,11
actual,no trend,False,0.5334165134726945,0.6227991553292184,0.0030592799186706,11
elected,no trend,False,0.5334165134726945,0.6227991553292184,0.0010973960161209,11
civil,no trend,False,0.5334165134726945,-0.6227991553292184,-0.0047918558120727,11
administration,no trend,False,0.5334165134726945,-0.6227991553292184,-0.0017419656117757,11
constitution,no trend,False,0.5334165134726945,0.6227991553292184,0.0019712703568594,11
death,no trend,False,0.5334165134726945,-0.6227991553292184,-0.0025112479925155,11
nation,no trend,False,0.5334165134726945,-0.6227991553292184,-0.0009112656116485,11
christian,no trend,False,0.5334165134726945,0.6227991553292184,0.003429639339447,11
percent,no trend,False,0.5334165134726945,0.6227991553292184,0.0038820430636406,11
banned,no trend,False,0.5334165134726945,0.6227991553292184,0.006793703351702,11
corruption,no trend,False,0.5334165134726945,0.6227991553292184,0.0039990723133087,11
destroy,no trend,False,0.5334165134726945,0.6227991553292184,0.002556562423706,11
nazis,no trend,False,0.5334165134726945,0.6227991553292184,0.0041509668032328,11
represent,no trend,False,0.5334165134726945,0.6227991553292184,0.0023913621902465,11
politically,no trend,False,0.5334165134726945,0.6227991553292184,0.0023431844181484,11
cops,no trend,False,0.5334165134726945,0.6227991553292184,0.0040140211582183,11
nations,no trend,False,0.5334165134726945,0.6227991553292184,0.0034663932664053,11
dc,no trend,False,0.5334165134726945,0.6227991553292184,0.0039696948868887,11
gender,no trend,False,0.5334165134726945,0.6227991553292184,0.0041526079177856,11
garbage,no trend,False,0.5334165134726945,0.6227991553292184,0.0044500231742858,11
allies,no trend,False,0.5334165134726945,0.6227991553292184,0.0003610551357269,11
terrorism,no trend,False,0.5334165134726945,0.6227991553292184,0.0037563443183898,11
punishment,no trend,False,0.5334165134726945,0.6227991553292184,0.003404825925827,11
nyc,no trend,False,0.5334165134726945,0.6227991553292184,0.002465804417928,11
administrations,no trend,False,0.5334165134726945,0.6227991553292184,0.0028983652591705,11
taxpayer,no trend,False,0.5334165134726945,0.6227991553292184,0.0007071495056152,11
stats,no trend,False,0.5334165134726945,0.6227991553292184,0.0134522403989519,11
idiot,no trend,False,0.5915050369949166,0.5366563145999494,0.0026900321245193,10
idiots,no trend,False,0.5915050369949166,-0.5366563145999494,-0.0028187377112252,10
combat,no trend,False,0.5915050369949166,0.5366563145999494,0.0033175945281982,10
impeached,no trend,False,0.6021675277481957,0.5212860351426869,0.0030258127621241,9
oath,no trend,False,0.6021675277481957,-0.5212860351426869,-0.0024813423554102,9
vote,no trend,False,0.640428787412791,-0.4670993664969137,-0.0012184977531433,11
party,no trend,False,0.640428787412791,-0.4670993664969137,-0.0034703612327575,11
election,no trend,False,0.640428787412791,0.4670993664969137,0.001561164855957,11
america,no trend,False,0.640428787412791,-0.4670993664969137,-0.0035067200660705,11
tax,no trend,False,0.640428787412791,0.4670993664969137,0.0011876622835795,11
democrat,no trend,False,0.640428787412791,0.4670993664969137,0.0019625902175903,11
public,no trend,False,0.640428787412791,0.4670993664969137,0.0012217164039611,11
dems,no trend,False,0.640428787412791,0.4670993664969137,0.00291736636843,11
congress,no trend,False,0.640428787412791,-0.4670993664969137,-0.001795470714569,11
supporters,no trend,False,0.640428787412791,0.4670993664969137,0.0025485873222351,11
health,no trend,False,0.640428787412791,0.4670993664969137,0.0004221349954604,11
healthcare,no trend,False,0.640428787412791,0.4670993664969137,0.0022648572921753,11
absolutely,no trend,False,0.640428787412791,0.4670993664969137,0.0036027431488037,11
children,no trend,False,0.640428787412791,-0.4670993664969137,-0.0012124180793762,11
facts,no trend,False,0.640428787412791,-0.4670993664969137,-0.0011146068572998,11
russia,no trend,False,0.640428787412791,0.4670993664969137,0.0031421118312411,11
citizens,no trend,False,0.640428787412791,0.4670993664969137,0.0023241937160491,11
force,no trend,False,0.640428787412791,-0.4670993664969137,-0.0035346075892448,11
numbers,no trend,False,0.640428787412791,-0.4670993664969137,-0.0037970117160252,11
population,no trend,False,0.640428787412791,-0.4670993664969137,-0.0014814833799997,11
religious,no trend,False,0.640428787412791,0.4670993664969137,0.0023144880930582,11
statement,no trend,False,0.640428787412791,0.4670993664969137,0.0015084346135457,11
crimes,no trend,False,0.640428787412791,0.4670993664969137,0.0029180869460105,11
individual,no trend,False,0.640428787412791,0.4670993664969137,0.0036549965540568,11
fake,no trend,False,0.640428787412791,0.4670993664969137,0.0035408820424761,11
fighting,no trend,False,0.640428787412791,0.4670993664969137,0.0036003589630127,11
wealth,no trend,False,0.640428787412791,0.4670993664969137,0.0015102128187815,11
obamas,no trend,False,0.640428787412791,0.4670993664969137,0.0024420022964476,11
medicare,no trend,False,0.640428787412791,0.4670993664969137,0.002409381525857,11
executive,no trend,False,0.640428787412791,0.4670993664969137,0.0012550098555428,11
obamacare,no trend,False,0.640428787412791,0.4670993664969137,0.008043885231018,11
capital,no trend,False,0.640428787412791,0.4670993664969137,0.0020625326368543,11
students,no trend,False,0.640428787412791,0.4670993664969137,0.0035346150398254,11
disgusting,no trend,False,0.640428787412791,-0.4670993664969137,-0.0045691579580307,11
rally,no trend,False,0.640428787412791,-0.4670993664969137,-0.0063202977180481,11
europe,no trend,False,0.640428787412791,0.4670993664969137,0.0028677582740783,11
fed,no trend,False,0.640428787412791,-0.4670993664969137,-0.0006501853466033,11
east,no trend,False,0.640428787412791,0.4670993664969137,0.0035144537687301,11
donors,no trend,False,0.640428787412791,0.4670993664969137,0.001895248889923,11
believing,no trend,False,0.640428787412791,0.4670993664969137,0.0037311400685991,11
illegally,no trend,False,0.640428787412791,0.4670993664969137,0.0039251089096069,11
threatening,no trend,False,0.640428787412791,0.4670993664969137,0.0064563080668449,11
extremists,no trend,False,0.640428787412791,0.4670993664969137,0.0043878455956776,11
peaceful,no trend,False,0.640428787412791,-0.4670993664969137,-0.0031905695796012,11
incompetent,no trend,False,0.640428787412791,-0.4670993664969137,-0.002468432698931,11
hispanic,no trend,False,0.640428787412791,-0.4670993664969137,-0.0059133569399515,11
justified,no trend,False,0.640428787412791,0.4670993664969137,0.0042641758918762,11
worship,no trend,False,0.640428787412791,0.4670993664969137,0.0019229352474212,11
blamed,no trend,False,0.640428787412791,0.4670993664969137,0.0037978649139404,11
patients,no trend,False,0.640428787412791,0.4670993664969137,0.0040650169054667,11
holocaust,no trend,False,0.640428787412791,-0.4670993664969137,-0.0027910073598225,11
winner,no trend,False,0.7205147871362552,-0.3577708763999663,-0.0006244182586669,10
hypocrites,no trend,False,0.7205147871362552,0.3577708763999663,0.001965514251164,10
veteran,no trend,False,0.7544541774940892,0.3127716210856122,0.0072684188683827,9
state,no trend,False,0.7554968749288828,-0.3113995776646092,-0.0038953423500061,11
gop,no trend,False,0.7554968749288828,0.3113995776646092,0.0041246414184569,11
biden,no trend,False,0.7554968749288828,-0.3113995776646092,-0.0014311790466308,11
voting,no trend,False,0.7554968749288828,0.3113995776646092,0.0018379092216491,11
gun,no trend,False,0.7554968749288828,0.3113995776646092,0.00135178565979,11
law,no trend,False,0.7554968749288828,-0.3113995776646092,-0.0015866607427597,11
american,no trend,False,0.7554968749288828,-0.3113995776646092,-0.004257309436798,11
conservative,no trend,False,0.7554968749288828,0.3113995776646092,0.0025391152926853,11
hate,no trend,False,0.7554968749288828,-0.3113995776646092,-0.0038704127073288,11
politics,no trend,False,0.7554968749288828,-0.3113995776646092,-0.0015879571437835,11
laws,no trend,False,0.7554968749288828,0.3113995776646092,0.0011720210313796,11
history,no trend,False,0.7554968749288828,-0.3113995776646092,-0.0012184083461761,11
elections,no trend,False,0.7554968749288828,-0.3113995776646092,-0.0010530233383178,11
economy,no trend,False,0.7554968749288828,0.3113995776646092,0.0014630854129791,11
fight,no trend,False,0.7554968749288828,0.3113995776646092,0.0006819566090901,11
texas,no trend,False,0.7554968749288828,0.3113995776646092,0.0017055571079254,11
god,no trend,False,0.7554968749288828,0.3113995776646092,0.0020180419087409,11
middle,no trend,False,0.7554968749288828,0.3113995776646092,0.0017284154891967,11
violence,no trend,False,0.7554968749288828,-0.3113995776646092,-0.0008022710680961,11
lies,no trend,False,0.7554968749288828,0.3113995776646092,0.0014750063419341,11
justice,no trend,False,0.7554968749288828,0.3113995776646092,0.0005349516868591,11
polls,no trend,False,0.7554968749288828,0.3113995776646092,0.0026647249857584,11
amendment,no trend,False,0.7554968749288828,0.3113995776646092,0.0013646568570818,11
th,no trend,False,0.7554968749288828,-0.3113995776646092,-0.0017556888716561,11
kill,no trend,False,0.7554968749288828,0.3113995776646092,0.0018472671508789,11
workers,no trend,False,0.7554968749288828,-0.3113995776646092,-0.0009781122207641,11
poll,no trend,False,0.7554968749288828,0.3113995776646092,0.0021493554115295,11
leaders,no trend,False,0.7554968749288828,-0.3113995776646092,-0.004061758518219,11
violent,no trend,False,0.7554968749288828,0.3113995776646092,0.0025306344032287,11
border,no trend,False,0.7554968749288828,-0.3113995776646092,-0.001081109046936,11
deaths,no trend,False,0.7554968749288828,0.3113995776646092,0.0016498863697052,11
theory,no trend,False,0.7554968749288828,0.3113995776646092,0.0051342844963073,11
nazi,no trend,False,0.7554968749288828,0.3113995776646092,0.0008501708507537,11
scotus,no trend,False,0.7554968749288828,0.3113995776646092,0.003265951360975,11
nuclear,no trend,False,0.7554968749288828,0.3113995776646092,0.0020125657320022,11
crisis,no trend,False,0.7554968749288828,0.3113995776646092,0.0016585886478424,11
proud,no trend,False,0.7554968749288828,-0.3113995776646092,-0.0013414422670999,11
enemy,no trend,False,0.7554968749288828,-0.3113995776646092,-0.0010006768362862,11
ted,no trend,False,0.7554968749288828,0.3113995776646092,0.0044340888659159,11
educated,no trend,False,0.7554968749288828,0.3113995776646092,0.0015702162470136,11
peace,no trend,False,0.7554968749288828,0.3113995776646092,0.001471847295761,11
deficit,no trend,False,0.7554968749288828,0.3113995776646092,0.0033366935593741,11
mccain,no trend,False,0.7554968749288828,0.3113995776646092,0.0028323133786519,11
disaster,no trend,False,0.7554968749288828,0.3113995776646092,0.0010593831539154,11
dictator,no trend,False,0.7554968749288828,0.3113995776646092,0.0012028932571411,11
justices,no trend,False,0.7554968749288828,0.3113995776646092,0.0020882844924926,11
legislature,no trend,False,0.7554968749288828,0.3113995776646092,0.0032384594281514,11
christianity,no trend,False,0.7554968749288828,0.3113995776646092,0.0006785988807678,11
protesting,no trend,False,0.7554968749288828,0.3113995776646092,0.0017613371213277,11
disingenuous,no trend,False,0.7554968749288828,0.3113995776646092,0.0071088671684265,11
dictatorship,no trend,False,0.7554968749288828,0.3113995776646092,0.0018681064248085,11
morals,no trend,False,0.7554968749288828,0.3113995776646092,0.0027849409315321,11
russian,no trend,False,0.8580276569875211,0.1788854381999831,0.0028978486855824,10
dumb,no trend,False,0.8580276569875211,0.1788854381999831,0.0019200444221496,10
cruz,no trend,False,0.8580276569875211,-0.1788854381999831,-0.0039511084556579,10
counties,no trend,False,0.8580276569875211,0.1788854381999831,0.0012871176004409,10
lawsuit,no trend,False,0.8580276569875211,0.1788854381999831,0.00047267973423,10
colleges,no trend,False,0.8580276569875211,-0.1788854381999831,-9.053945541381836e-05,10
republican,no trend,False,0.8762696636277618,-0.1556997888323046,-0.0010162989298502,11
democratic,no trend,False,0.8762696636277618,0.1556997888323046,0.0010035336017608,11
news,no trend,False,0.8762696636277618,0.1556997888323046,0.0010414208684648,11
liberal,no trend,False,0.8762696636277618,0.1556997888323046,0.0012565255165099,11
americans,no trend,False,0.8762696636277618,-0.1556997888323046,-0.0007950961589812,11
federal,no trend,False,0.8762696636277618,-0.1556997888323046,-0.0007104107311793,11
evidence,no trend,False,0.8762696636277618,0.1556997888323046,0.0008652508258819,11
community,no trend,False,0.8762696636277618,0.1556997888323046,0.0037341647677951,11
democracy,no trend,False,0.8762696636277618,0.1556997888323046,0.0011117458343505,11
police,no trend,False,0.8762696636277618,0.1556997888323046,0.0024117946624755,11
winning,no trend,False,0.8762696636277618,0.1556997888323046,0.0004682093858718,11
leader,no trend,False,0.8762696636277618,-0.1556997888323046,-0.0017740130424499,11
minority,no trend,False,0.8762696636277618,0.1556997888323046,0.0007592678070068,11
mental,no trend,False,0.8762696636277618,0.1556997888323046,0.0008224745591481,11
result,no trend,False,0.8762696636277618,0.1556997888323046,0.0011850595474242,11
agenda,no trend,False,0.8762696636277618,0.1556997888323046,0.0008767247200012,11
cases,no trend,False,0.8762696636277618,0.1556997888323046,0.001034277677536,11
threat,no trend,False,0.8762696636277618,0.1556997888323046,0.0005580357142857,11
schools,no trend,False,0.8762696636277618,-0.1556997888323046,-0.0010517968071831,11
politician,no trend,False,0.8762696636277618,-0.1556997888323046,-0.0012270331382751,11
leadership,no trend,False,0.8762696636277618,0.1556997888323046,0.001441071430842,11
jail,no trend,False,0.8762696636277618,-0.1556997888323046,-0.0005691051483153,11
student,no trend,False,0.8762696636277618,-0.1556997888323046,-0.0010355710983276,11
damage,no trend,False,0.8762696636277618,0.1556997888323046,0.0023232102394103,11
union,no trend,False,0.8762696636277618,-0.1556997888323046,-0.0011111348867416,11
usa,no trend,False,0.8762696636277618,-0.1556997888323046,-0.0013379951318104,11
insane,no trend,False,0.8762696636277618,0.1556997888323046,0.0037399530410766,11
murder,no trend,False,0.8762696636277618,0.1556997888323046,0.0004739686846733,11
filibuster,no trend,False,0.8762696636277618,-0.1556997888323046,-0.0012465715408324,11
judges,no trend,False,0.8762696636277618,0.1556997888323046,0.0009656283590528,11
congressional,no trend,False,0.8762696636277618,0.1556997888323046,0.0017573237419128,11
protest,no trend,False,0.8762696636277618,-0.1556997888323046,-0.0021400111062186,11
hitler,no trend,False,0.8762696636277618,0.1556997888323046,0.0024870733420054,11
treason,no trend,False,0.8762696636277618,0.1556997888323046,0.0008600950241088,11
israel,no trend,False,0.8762696636277618,-0.1556997888323046,-0.0009339153766632,11
republic,no trend,False,0.8762696636277618,-0.1556997888323046,-0.0004481077194213,11
hospital,no trend,False,0.8762696636277618,0.1556997888323046,0.0017207364241282,11
chinese,no trend,False,0.8762696636277618,-0.1556997888323046,-0.0008422334988911,11
jury,no trend,False,0.8762696636277618,0.1556997888323046,0.0010643601417541,11
slaves,no trend,False,0.8762696636277618,-0.1556997888323046,-0.0006527304649353,11
trumps,no trend,False,0.9169652366288644,0.1042572070285373,0.0020789489859626,9
ukraine,no trend,False,0.9169652366288644,-0.1042572070285373,-0.0027643442153931,9
riots,no trend,False,0.9169652366288644,0.1042572070285373,0.0034305999676386,9
people,no trend,False,1.0,0.0,-0.0014064460992813,11
us,no trend,False,1.0,0.0,-0.0020765264828999,11
democrats,no trend,False,1.0,0.0,2.5093555450439453e-05,11
country,no trend,False,1.0,0.0,-0.0012329071760177,11
care,no trend,False,1.0,0.0,0.0003999571005503,11
voters,no trend,False,1.0,0.0,0.0002956986427306,11
hillary,no trend,False,1.0,0.0,0.0008824041911533,11
free,no trend,False,1.0,0.0,0.0006589974675859,11
control,no trend,False,1.0,0.0,-0.0011370852589607,11
black,no trend,False,1.0,0.0,0.0001618180956159,11
court,no trend,False,1.0,0.0,-0.0005484521389007,11
million,no trend,False,1.0,0.0,0.0003969243594578,11
current,no trend,False,1.0,0.0,-0.0004442632198333,11
society,no trend,False,1.0,0.0,0.000327706336975,11
crime,no trend,False,1.0,0.0,-0.00060875415802,11
debt,no trend,False,1.0,0.0,0.000961525099618,11
electoral,no trend,False,1.0,0.0,0.0024170024054391,11
evil,no trend,False,1.0,0.0,0.0001292626063028,11
governor,no trend,False,1.0,0.0,-0.0006616711616515,11
senators,no trend,False,1.0,0.0,8.985400199876259e-06,11
extreme,no trend,False,1.0,0.0,-0.0005885899066924,11
washington,no trend,False,1.0,0.0,-0.0028635774339948,11
land,no trend,False,1.0,0.0,-0.0001984664372035,11
narrative,no trend,False,1.0,0.0,0.0009021759033202,11
officials,no trend,False,1.0,0.0,-0.000501682360967,11
courts,no trend,False,1.0,0.0,0.0009231686592102,11
wages,no trend,False,1.0,0.0,0.0002871870994567,11
turnout,no trend,False,1.0,0.0,5.8263540267944336e-05,11
unemployment,no trend,False,1.0,0.0,-7.399916648863914e-05,11
iraq,no trend,False,1.0,0.0,-0.001490831375122,11
gerrymandering,no trend,False,1.0,0.0,0.0025418698787689,10
ignorance,no trend,False,1.0,0.0,0.0007708668708801,11
nixon,no trend,False,1.0,0.0,1.7583370208754112e-05,11
housing,no trend,False,1.0,0.0,-0.0001373648643493,11
loan,no trend,False,1.0,0.0,-0.0017129659652709,11
protests,no trend,False,1.0,0.0,-0.0003426611423492,11
womens,no trend,False,1.0,0.0,-7.861852645874023e-05,11
stimulus,no trend,False,1.0,0.0,0.0007407665252685,10
outrage,no trend,False,1.0,0.0,0.0011249542236328,11
jewish,no trend,False,1.0,0.0,-0.0008370214038425,11
flags,no trend,False,1.0,0.0,-0.0002564340829849,9
catholic,no trend,False,1.0,0.0,-0.0006013512611389,11
terror,no trend,False,1.0,0.0,0.0001483410596847,10
donald,insufficient_data,False,,,,8
covid,insufficient_data,False,,,,3
pandemic,insufficient_data,False,,,,3
bidens,insufficient_data,False,,,,4
desantis,insufficient_data,False,,,,4
pence,insufficient_data,False,,,,7
mitch,insufficient_data,False,,,,8
vaccine,insufficient_data,False,,,,6
maga,insufficient_data,False,,,,7
virus,insufficient_data,False,,,,3
capitol,insufficient_data,False,,,,8
mueller,insufficient_data,False,,,,5
delegates,insufficient_data,False,,,,7
trans,insufficient_data,False,,,,8
insurrection,insufficient_data,False,,,,4
coup,insufficient_data,False,,,,7
vaccinated,insufficient_data,False,,,,5
hillarys,insufficient_data,False,,,,8
aoc,insufficient_data,False,,,,5
antifa,insufficient_data,False,,,,6
kavanaugh,insufficient_data,False,,,,4
pardon,insufficient_data,False,,,,8
kamala,insufficient_data,False,,,,7
vaccines,insufficient_data,False,,,,8
coronavirus,insufficient_data,False,,,,2
tucker,insufficient_data,False,,,,5
libs,insufficient_data,False,,,,7
mccarthy,insufficient_data,False,,,,8
overturn,insufficient_data,False,,,,8
unity,insufficient_data,False,,,,7
supremacists,insufficient_data,False,,,,8
supremacy,insufficient_data,False,,,,8
confederate,insufficient_data,False,,,,8
schumer,insufficient_data,False,,,,6
riot,insufficient_data,False,,,,8
populist,insufficient_data,False,,,,8
nato,insufficient_data,False,,,,8
refugees,insufficient_data,False,,,,7
allegations,insufficient_data,False,,,,8
woke,insufficient_data,False,,,,6
cdc,insufficient_data,False,,,,7
gaetz,insufficient_data,False,,,,4
hoax,insufficient_data,False,,,,6
unite,insufficient_data,False,,,,7
transgender,insufficient_data,False,,,,7
ubi,insufficient_data,False,,,,5
altright,insufficient_data,False,,,,6
cohen,insufficient_data,False,,,,5
immunity,insufficient_data,False,,,,7
abrams,insufficient_data,False,,,,4
flu,insufficient_data,False,,,,4
judiciary,insufficient_data,False,,,,8
dictators,insufficient_data,False,,,,8
authoritarianism,insufficient_data,False,,,,7
castro,insufficient_data,False,,,,8
mandates,insufficient_data,False,,,,5
inauguration,insufficient_data,False,,,,6
campaigned,insufficient_data,False,,,,7
giuliani,insufficient_data,False,,,,5
trafficking,insufficient_data,False,,,,5
latinos,insufficient_data,False,,,,6
msm,insufficient_data,False,,,,7
protestors,insufficient_data,False,,,,6
patriots,insufficient_data,False,,,,8
breitbart,insufficient_data,False,,,,8
cuomo,insufficient_data,False,,,,4
censorship,insufficient_data,False,,,,8
sheep,insufficient_data,False,,,,7
vaccination,insufficient_data,False,,,,1
fauci,insufficient_data,False,,,,2
manafort,insufficient_data,False,,,,6
shapiro,insufficient_data,False,,,,6
audit,insufficient_data,False,,,,5
elites,insufficient_data,False,,,,8
unarmed,insufficient_data,False,,,,8
federally,insufficient_data,False,,,,7
infected,insufficient_data,False,,,,2
epstein,insufficient_data,False,,,,3
christie,insufficient_data,False,,,,7
nbc,insufficient_data,False,,,,7
scalia,insufficient_data,False,,,,7
felons,insufficient_data,False,,,,8
pedophile,insufficient_data,False,,,,5
daca,insufficient_data,False,,,,5
rioters,insufficient_data,False,,,,2
antisemitic,insufficient_data,False,,,,6
unvaccinated,insufficient_data,False,,,,1
homosexuality,insufficient_data,False,,,,8
gaslighting,insufficient_data,False,,,,4
overturning,insufficient_data,False,,,,4
pope,insufficient_data,False,,,,8
narratives,insufficient_data,False,,,,8
nfl,insufficient_data,False,,,,6
constitutionally,insufficient_data,False,,,,8
schiff,insufficient_data,False,,,,6
floyd,insufficient_data,False,,,,2
afghan,insufficient_data,False,,,,1
vaccinations,insufficient_data,False,,,,5
herd,insufficient_data,False,,,,3
ambassador,insufficient_data,False,,,,6
felon,insufficient_data,False,,,,7
rioting,insufficient_data,False,,,,5
equity,insufficient_data,False,,,,8
corona,insufficient_data,False,,,,2
ussr,insufficient_data,False,,,,6
arrests,insufficient_data,False,,,,4
powell,insufficient_data,False,,,,7
romneys,insufficient_data,False,,,,6
asians,insufficient_data,False,,,,5
deport,insufficient_data,False,,,,6
celebrities,insufficient_data,False,,,,6
antiamerican,insufficient_data,False,,,,6
israeli,insufficient_data,False,,,,7
brigade,insufficient_data,False,,,,7
killings,insufficient_data,False,,,,8
catholics,insufficient_data,False,,,,6
sharia,insufficient_data,False,,,,8
assaulted,insufficient_data,False,,,,7
dementia,insufficient_data,False,,,,4
radicals,insufficient_data,False,,,,8
pedophiles,insufficient_data,False,,,,5
dominion,insufficient_data,False,,,,3
gangs,insufficient_data,False,,,,7
principled,insufficient_data,False,,,,7
racially,insufficient_data,False,,,,7
nursing,insufficient_data,False,,,,3
hysteria,insufficient_data,False,,,,7
lockdown,insufficient_data,False,,,,2
looting,insufficient_data,False,,,,2
lockdowns,insufficient_data,False,,,,2
amnesty,insufficient_data,False,,,,6
marxist,insufficient_data,False,,,,6
lefties,insufficient_data,False,,,,4
lefty,insufficient_data,False,,,,5
senile,insufficient_data,False,,,,1
farleft,insufficient_data,False,,,,4
reparations,insufficient_data,False,,,,4
hamas,insufficient_data,False,,,,4
taiwan,insufficient_data,False,,,,3
sanctuary,insufficient_data,False,,,,3
dossier,insufficient_data,False,,,,3
rittenhouse,insufficient_data,False,,,,2
neocons,insufficient_data,False,,,,6
discord,insufficient_data,False,,,,4
pedophilia,insufficient_data,False,,,,1
rogan,insufficient_data,False,,,,3
audits,insufficient_data,False,,,,1
lefts,insufficient_data,False,,,,7
mayors,insufficient_data,False,,,,4
maxine,insufficient_data,False,,,,2
pfizer,insufficient_data,False,,,,1
mobs,insufficient_data,False,,,,3
pedo,insufficient_data,False,,,,1
dysphoria,insufficient_data,False,,,,3
fisa,insufficient_data,False,,,,2
marxism,insufficient_data,False,,,,3
sjws,insufficient_data,False,,,,5
ccp,insufficient_data,False,,,,2
ilhan,insufficient_data,False,,,,3
icu,insufficient_data,False,,,,2
