word,cosine_similarity_R_vs_D,semantic_shift,left_count,right_count
corona,0.5121911,0.48780888,345,6436
discord,0.5125213,0.48747867,184,28632
lefty,0.53433526,0.46566474,220,11466
appears,0.5546146,0.4453854,1763,31260
neocons,0.55752826,0.44247174,185,3805
lefties,0.55958426,0.44041574,225,14154
maxine,0.5674614,0.43253863,170,3542
senile,0.5681868,0.43181318,213,6386
radicals,0.5755013,0.42449868,300,5147
vaccinations,0.5786226,0.42137742,374,4140
marxist,0.58056897,0.41943103,231,15954
ccp,0.58292973,0.41707027,116,14268
regarding,0.58717763,0.41282237,14985,26058
mayors,0.587392,0.41260803,172,4919
mandates,0.5905554,0.40944457,643,19379
dominion,0.59653544,0.40346456,290,6616
historic,0.596642,0.40335798,765,4672
schiff,0.60211945,0.39788055,399,5316
lefts,0.61662066,0.38337934,172,14793
mobs,0.6189647,0.38103533,159,4018
leftist,0.61972153,0.38027847,1316,92387
sjws,0.62304676,0.37695324,118,4903
trump,0.62439317,0.37560683,144556,988339
abrams,0.6291215,0.37087852,736,3672
powell,0.6306716,0.36932838,339,3507
brigade,0.63126326,0.36873674,315,6937
lockdown,0.6326864,0.36731362,270,17211
farleft,0.6330288,0.3669712,204,3499
taiwan,0.6354527,0.3645473,191,10305
admin,0.6359062,0.36409378,1413,12461
woke,0.6366382,0.36336178,968,49207
pedophiles,0.6369593,0.3630407,296,6313
prochoice,0.63750935,0.36249065,804,6412
giuliani,0.6382468,0.36175323,633,4124
nursing,0.63846314,0.36153686,281,10924
libs,0.6441612,0.35583878,1402,21279
reparations,0.64657104,0.35342896,203,8014
pedo,0.6472573,0.35274267,141,6571
lmao,0.65046406,0.34953594,2361,48105
sanctuary,0.65124536,0.34875464,186,5613
pope,0.6533354,0.3466646,411,7041
icu,0.6548444,0.3451556,102,3659
elizabeth,0.654943,0.345057,1421,3601
supremacy,0.6551082,0.3448918,1102,16908
antiamerican,0.65618014,0.34381986,321,4189
gaslighting,0.65887797,0.34112203,432,5292
bigot,0.65937275,0.34062725,936,9115
leftists,0.6595284,0.34047163,794,72873
breitbart,0.6618397,0.33816028,584,6145
pedophilia,0.66236556,0.33763444,178,5621
pedophile,0.6632379,0.33676207,471,7982
pfizer,0.66558987,0.33441013,159,6336
gangs,0.6668278,0.3331722,287,4879
hamas,0.6676873,0.3323127,199,4829
shapiro,0.6678771,0.33212292,535,16291
rioters,0.6686628,0.3313372,454,18856
kamala,0.6688398,0.3311602,1569,23284
castro,0.6714642,0.3285358,650,3458
secular,0.67193615,0.32806385,462,5145
rightwing,0.67259735,0.32740265,3354,10111
traitor,0.67356116,0.32643884,1171,7253
mandated,0.6742473,0.32575268,411,7189
rogan,0.6751267,0.32487333,178,6674
patriots,0.67576057,0.32423943,590,5475
marxism,0.67612606,0.32387394,123,9416
cuban,0.67717165,0.32282835,383,4244
progressive,0.67802083,0.32197917,11650,32613
outraged,0.6795782,0.32042181,557,7398
reid,0.6810608,0.3189392,456,4754
ben,0.6810737,0.31892627,1099,20068
fisa,0.6816212,0.3183788,131,5024
pray,0.68292576,0.31707424,811,9413
nancy,0.68323433,0.31676567,1515,14755
audits,0.6835615,0.3164385,173,4407
deport,0.6865127,0.3134873,324,4351
maga,0.6867088,0.3132912,3115,17548
mccarthy,0.68763095,0.31236905,1349,5878
romneys,0.68814087,0.31185913,333,4422
catholics,0.68819517,0.31180483,310,5755
progressives,0.6883726,0.3116274,4983,15978
principled,0.68853235,0.31146765,286,3420
islamic,0.6894311,0.31056893,762,14038
celebrities,0.69165456,0.30834544,322,8119
hollywood,0.69192725,0.30807275,449,17205
feds,0.6922818,0.30771822,580,11606
rioting,0.6927862,0.30721378,357,16417
latinos,0.69315255,0.30684745,612,3847
msm,0.69325805,0.30674195,596,32374
patriotic,0.69510317,0.30489683,571,5054
looting,0.6953591,0.3046409,268,14566
rnc,0.6957117,0.30428833,977,6310
altright,0.69602656,0.30397344,856,5355
transgender,0.6969765,0.30302352,881,13349
nbc,0.6972607,0.30273932,488,6660
controversial,0.6973405,0.3026595,929,11884
doctrine,0.6983069,0.30169308,624,6174
cruz,0.69893175,0.30106825,3922,73937
dossier,0.699554,0.30044597,186,5756
fascists,0.699955,0.300045,2213,10210
afghan,0.7001164,0.2998836,390,3577
immoral,0.7005358,0.29946423,1009,8780
left,0.7010493,0.29895067,27363,453774
activists,0.7011813,0.2988187,685,9350
ambassador,0.7014142,0.29858577,364,3332
labeled,0.7014482,0.2985518,693,10204
equity,0.70155525,0.29844475,345,7519
tucker,0.70176923,0.29823077,1449,13129
sharia,0.7025893,0.29741073,310,4724
ilhan,0.7026338,0.2973662,110,2932
clintons,0.70264417,0.29735583,3376,11888
mob,0.7038748,0.29612517,1382,24163
trafficking,0.7040398,0.2959602,613,6007
boycott,0.70451236,0.29548764,624,7958
authoritarianism,0.70492417,0.29507583,665,5235
sanders,0.70495087,0.29504913,22996,27742
aoc,0.7051522,0.2948478,1765,29495
riot,0.7055645,0.2944355,1046,21876
dysphoria,0.7063629,0.2936371,132,4078
wingers,0.706448,0.29355198,921,3888
cuomo,0.7068685,0.29313147,576,16493
hysteria,0.7069521,0.2930479,275,5224
daca,0.70697266,0.29302734,456,4696
communists,0.70706093,0.29293907,586,15079
ussr,0.70721215,0.29278785,344,6390
supremacist,0.7073356,0.2926644,1143,14559
bloomberg,0.7075732,0.29242682,1381,5399
asians,0.7082896,0.29171038,329,8196
insurrection,0.7084476,0.29155242,2156,13361
redistribution,0.70923805,0.29076195,333,4156
amnesty,0.709248,0.290752,232,9106
democrats,0.71010613,0.28989387,54585,308637
gang,0.7101511,0.28984892,941,12429
felon,0.71036196,0.28963804,360,3546
vaccination,0.71037996,0.28962004,557,11298
unvaccinated,0.7111613,0.28883868,440,11378
antisemitic,0.7115184,0.2884816,451,4925
floyd,0.7121019,0.28789812,390,17115
hypocrite,0.71280056,0.28719944,945,9437
lunatics,0.7130509,0.2869491,433,3994
democrat,0.7136519,0.2863481,19931,146988
desantis,0.714663,0.28533697,3714,39808
arrests,0.7150513,0.2849487,341,4872
stalin,0.71559477,0.28440523,383,6662
assaulted,0.71619296,0.28380704,308,6469
hoax,0.71644425,0.28355575,918,13738
radical,0.7168171,0.28318292,2506,31400
mongering,0.7169813,0.2830187,598,5716
censorship,0.71726155,0.28273845,559,17433
clown,0.7172665,0.2827335,1387,18501
pelosi,0.7173348,0.2826652,3137,33530
totalitarian,0.7174821,0.2825179,390,6407
scalia,0.7178017,0.2821983,481,3026
mayor,0.7184341,0.2815659,1445,18134
killings,0.7185763,0.2814237,311,3564
racially,0.71878743,0.28121257,284,4180
biden,0.719142,0.28085798,32289,369184
usa,0.7200097,0.27999032,3620,37668
affiliation,0.720376,0.279624,1208,7868
bail,0.7209245,0.2790755,611,12093
coronavirus,0.72100663,0.27899337,1456,17810
elites,0.7213406,0.2786594,524,11709
homosexuality,0.72220206,0.27779794,438,7128
christie,0.72250116,0.27749884,507,5024
disingenuous,0.7231262,0.27687383,1163,11084
narratives,0.7233861,0.2766139,410,5611
supremacists,0.7240182,0.27598178,1113,13852
gore,0.7241577,0.2758423,1238,5436
satire,0.7242546,0.2757454,785,21825
latino,0.7243662,0.2756338,804,5531
schumer,0.725051,0.274949,1097,6901
cdc,0.7255851,0.2744149,929,21454
veteran,0.72560143,0.27439857,740,4742
journalist,0.7256783,0.27432168,593,7822
herd,0.7257552,0.2742448,372,6984
homicide,0.72587186,0.27412814,669,5505
dictators,0.7260914,0.27390862,672,4406
israeli,0.7263137,0.2736863,318,4192
federally,0.72642374,0.27357626,521,4288
conservative,0.72645307,0.27354693,21381,321002
unarmed,0.72647536,0.27352464,524,8960
conservatives,0.72648966,0.27351034,15208,227213
idiotic,0.7265895,0.2734105,1057,11368
gaetz,0.7268323,0.27316773,923,3052
judiciary,0.72793865,0.27206135,673,3932
dementia,0.7280669,0.27193308,303,10718
fascist,0.7282995,0.2717005,4702,24021
charity,0.728307,0.271693,981,13120
bigotry,0.7292959,0.2707041,1598,6772
nyc,0.7293782,0.27062178,1132,20997
bidens,0.73027134,0.26972866,3821,45446
handouts,0.73036444,0.26963556,324,6082
extremists,0.7304346,0.2695654,1398,10620
activist,0.73121834,0.26878166,712,9002
crisis,0.7312233,0.2687767,3121,28184
genocide,0.7315014,0.2684986,1289,13369
harris,0.73266804,0.26733196,2739,26347
hispanic,0.732995,0.26700503,1219,13033
audit,0.7332027,0.2667973,534,11983
prolife,0.7336428,0.26635718,965,10678
overturning,0.7343357,0.26566428,416,2654
fascism,0.7351142,0.26488578,3228,19698
invasion,0.73521376,0.26478624,828,10957
regime,0.7355851,0.2644149,1270,12599
rubio,0.73595726,0.26404274,876,20224
protesting,0.73639125,0.26360875,1306,21230
donald,0.7367429,0.2632571,9014,37249
pence,0.7374451,0.26255488,3674,17141
npr,0.73773795,0.26226205,852,7776
liberals,0.7382406,0.2617594,13604,145903
nationalism,0.7383586,0.26164138,928,6721
mexicans,0.7387594,0.2612406,663,4793
attacking,0.7388009,0.26119912,3193,23006
forcing,0.73899734,0.26100266,1899,24727
unite,0.73932445,0.26067555,887,5617
constitutionally,0.7394624,0.26053762,406,4065
interference,0.739963,0.260037,1026,9514
caucus,0.74008775,0.25991225,1567,3854
rittenhouse,0.74073786,0.25926214,185,8678
warren,0.7411387,0.2588613,5981,11334
european,0.7420422,0.25795782,1173,20243
conservatism,0.74234486,0.25765514,1662,34661
manafort,0.7449273,0.2550727,549,3690
dems,0.74534893,0.25465107,16708,113590
oppressed,0.7454438,0.25455618,621,10286
fauci,0.74545515,0.25454485,551,22009
literally,0.7455418,0.2544582,15205,206337
limbaugh,0.74575937,0.25424063,955,3042
stats,0.74604213,0.25395787,781,10732
un,0.7464237,0.25357628,940,14250
epstein,0.7475487,0.2524513,511,4987
vile,0.7480894,0.25191063,862,6118
nc,0.7487273,0.25127268,1063,6705
inauguration,0.74894714,0.25105286,641,4670
blatantly,0.7490548,0.2509452,983,11419
actual,0.74948263,0.25051737,10970,122177
protestors,0.74951327,0.25048673,596,15185
racists,0.74955857,0.25044143,2778,20871
absolutely,0.749715,0.25028503,11330,122154
chaos,0.74997413,0.25002587,1152,9245
dnc,0.75137067,0.24862933,5949,29835
justified,0.75164986,0.24835014,1104,16001
morals,0.75167155,0.24832845,980,10528
liberal,0.751961,0.248039,23152,204511
diversity,0.75196135,0.24803865,1043,19258
peaceful,0.7523174,0.24768257,1374,38461
racist,0.7525356,0.24746442,16687,198401
hypocrites,0.75349295,0.24650705,864,8485
oppose,0.7537592,0.2462408,2004,15079
antifa,0.75409085,0.24590915,1712,47078
cohen,0.7544672,0.24553281,753,2920
disaster,0.7545501,0.2454499,1983,15705
protections,0.7546129,0.24538708,1393,9697
division,0.7551184,0.24488157,1192,11617
populist,0.7554791,0.2445209,1029,5484
republicans,0.7559383,0.24406171,64167,206299
supports,0.7561703,0.24382973,3294,25344
muslim,0.75646794,0.24353206,2232,29353
immunity,0.7565608,0.2434392,750,20717
americas,0.7566167,0.24338329,1846,13570
student,0.7569177,0.24308228,3799,37745
abiding,0.757005,0.24299502,538,5886
right,0.7570746,0.2429254,86593,752060
gop,0.7576031,0.24239689,32346,91455
hillarys,0.75763446,0.24236554,1808,6056
campaigned,0.7581975,0.24180251,640,3245
insane,0.7583412,0.2416588,3604,43481
muslims,0.75879383,0.24120617,2123,28720
worship,0.7592143,0.24078572,975,9043
administrations,0.7594359,0.24056411,917,6611
taxpayer,0.7596298,0.24037021,814,11984
us,0.75965154,0.24034846,78856,675673
ally,0.7598953,0.24010468,687,7218
unity,0.76024485,0.23975515,1252,10616
reporter,0.76032233,0.23967767,823,9476
morally,0.76045305,0.23954695,1384,14175
protest,0.76067054,0.23932946,2962,46019
ethnic,0.76070535,0.23929465,577,7433
combat,0.7608,0.2392,1135,11577
illegals,0.7610799,0.2389201,611,21080
mainstream,0.7615962,0.2384038,1934,25669
bernie,0.7617754,0.23822463,28639,53469
opposition,0.76185006,0.23814994,3178,24073
immigrant,0.7618822,0.23811781,1041,12035
protesters,0.7620175,0.23798251,1217,20300
west,0.7620943,0.23790568,2782,27606
lgbt,0.76209927,0.23790073,1709,11531
governors,0.7623613,0.23763871,1741,14171
europe,0.7624688,0.23753119,2164,41413
borders,0.7625418,0.23745823,1270,22589
riots,0.76258516,0.23741484,910,39985
traitors,0.76263034,0.23736966,1701,6110
civilian,0.76269203,0.23730797,923,7598
arabia,0.7629056,0.2370944,796,5812
libertarians,0.7634572,0.23654282,2472,12479
heritage,0.7634592,0.2365408,680,6253
tweet,0.7636262,0.23637378,1984,20858
mandate,0.7637112,0.23628879,1477,24044
trumps,0.76380527,0.23619473,18314,108124
result,0.7638662,0.23613381,5143,51493
terror,0.7639232,0.23607677,866,9191
joe,0.76399845,0.23600155,7917,96380
republican,0.764494,0.235506,47582,182672
hypocritical,0.764529,0.23547101,1242,14493
neighborhoods,0.76473856,0.23526144,511,8407
democratic,0.7650397,0.23496032,27148,80097
liberalism,0.7651832,0.23481679,2199,13354
america,0.7651937,0.2348063,23459,196133
lockdowns,0.76538867,0.23461133,233,20383
garbage,0.76600546,0.23399454,2829,29354
socialized,0.76602083,0.23397917,355,5175
ideology,0.7662604,0.23373961,3649,40711
sheep,0.76629174,0.23370826,558,10324
arrest,0.76629966,0.23370034,1749,22900
nra,0.7666795,0.23332047,3310,6223
overthrow,0.76675254,0.23324746,1096,5712
elite,0.7676024,0.23239762,875,12644
oppression,0.7677927,0.2322073,772,11006
incompetence,0.76801586,0.23198414,774,6471
losers,0.76825553,0.23174447,993,10730
jewish,0.7682774,0.2317226,1458,17423
midterm,0.768734,0.23126602,1194,3971
mexican,0.76967454,0.23032546,805,9981
taliban,0.7702071,0.2297929,1408,15025
invade,0.7702418,0.2297582,509,7089
declaration,0.7706019,0.22939807,516,5345
followers,0.77067673,0.22932327,2467,9271
payer,0.7709341,0.2290659,2289,9922
patients,0.7711835,0.22881651,879,18935
any,0.7713437,0.22865629,106473,722085
socialists,0.77139115,0.22860885,793,15521
kavanaugh,0.7718317,0.22816831,1679,14397
racism,0.77185756,0.22814244,7543,90066
refugees,0.7720906,0.22790939,974,10995
eastern,0.77221936,0.22778064,666,9512
brainwashed,0.772259,0.227741,1145,12915
flu,0.7725362,0.22746378,678,34675
holocaust,0.7729782,0.22702181,637,7424
segregation,0.7735134,0.22648662,488,6900
nfl,0.77355236,0.22644764,408,13239
clinton,0.7736298,0.22637022,23142,65073
enact,0.77368534,0.22631466,853,5598
legislatures,0.77410877,0.22589123,963,4671
individual,0.77411383,0.22588617,5383,57094
infected,0.7745842,0.22541583,517,14130
whites,0.77474105,0.22525895,1621,20119
community,0.7751368,0.22486317,12718,64462
believing,0.7751747,0.22482532,1720,17540
idiots,0.77557665,0.22442335,4428,41112
anti,0.77570105,0.22429895,3023,33832
victims,0.77576315,0.22423685,2168,23617
jesus,0.7760352,0.22396481,4411,33482
identity,0.77611446,0.22388554,2127,29824
white,0.77654594,0.22345406,30697,298509
patriot,0.77673984,0.22326016,1101,9723
tyranny,0.7768035,0.2231965,996,12142
billionaires,0.77680844,0.22319156,1681,8451
jefferson,0.77722406,0.22277594,423,5636
misinformation,0.7773696,0.22263038,1836,17775
cia,0.77759874,0.22240126,959,10364
colleges,0.77796185,0.22203815,671,10788
individuals,0.7779752,0.2220248,3906,39924
ideological,0.77810264,0.22189736,1131,9382
organization,0.7785157,0.2214843,3173,33481
campaigns,0.7788283,0.22117168,2354,8485
agree,0.7788938,0.22110617,26031,260015
islam,0.7791073,0.22089273,1296,25080
threatening,0.7792525,0.22074747,1515,14043
stance,0.7793493,0.22065067,2434,25207
unbiased,0.77938646,0.22061354,547,9253
council,0.77982557,0.22017443,836,7756
dumb,0.7798908,0.22010922,6038,59026
western,0.77990997,0.22009003,1404,27599
bombing,0.7807232,0.21927679,686,5452
extreme,0.7808237,0.21917629,4045,35013
equality,0.7809558,0.21904421,2371,19651
christian,0.78121924,0.21878076,5223,40632
ny,0.7812456,0.21875441,2488,25892
incompetent,0.78124815,0.21875185,1294,11998
classified,0.7815064,0.21849358,1709,12168
punishment,0.78160626,0.21839374,1390,14646
jews,0.78162825,0.21837175,1529,25510
protests,0.78165776,0.21834224,1899,38995
dictatorship,0.78198147,0.21801853,1003,5976
african,0.7821842,0.21781582,1441,16600
people,0.7822434,0.21775663,214954,2098809
homes,0.7823348,0.2176652,1408,24109
dem,0.7824242,0.21757579,5671,30480
populations,0.7825021,0.21749789,662,7436
mcconnell,0.782821,0.217179,4416,17011
disgusting,0.78293455,0.21706545,2706,29254
biased,0.7830523,0.21694767,3117,28046
nations,0.7833502,0.21664977,3008,30155
catholic,0.7837342,0.2162658,1095,20559
hypocrisy,0.78395796,0.21604204,2375,28284
restrictions,0.7842126,0.21578741,1971,21347
morality,0.7843491,0.21565092,982,14001
christians,0.7846662,0.21533382,2551,23795
lie,0.7847403,0.21525967,8409,66726
iran,0.78483963,0.21516037,2304,27424
georgia,0.7850065,0.21499348,4236,23020
germany,0.7850487,0.21495128,2133,28390
evil,0.7855727,0.21442729,5534,63967
socialist,0.7855772,0.21442282,3200,53901
ignorant,0.78566897,0.21433103,4746,34339
strategy,0.78577036,0.21422964,4323,21199
communism,0.7859973,0.21400273,1215,36018
ted,0.78618157,0.21381843,2787,24025
authoritarian,0.7863585,0.21364152,2139,19989
view,0.7865504,0.2134496,6843,64230
communist,0.7867246,0.21327537,1659,41324
overturn,0.78708947,0.21291053,1340,6714
sentiment,0.7872479,0.2127521,1241,11876
judicial,0.787342,0.21265799,1360,11637
socialism,0.7873852,0.21261477,2519,60234
soldiers,0.7876231,0.2123769,1452,16023
journalism,0.7879823,0.21201771,791,10964
supporters,0.78811467,0.21188533,15568,52861
speeches,0.7884533,0.21154672,1151,7053
prosecuted,0.78874004,0.21125996,1014,8250
blamed,0.78902024,0.21097976,907,9287
hillary,0.78903925,0.21096075,23572,79185
womens,0.7890412,0.21095878,1830,17231
economically,0.7891237,0.21087629,855,8215
chinese,0.78930503,0.21069497,1484,45710
unpopular,0.7895013,0.21049869,1386,9693
terrorism,0.78967035,0.21032965,1888,21339
nation,0.7899313,0.2100687,7956,68004
midterms,0.7910512,0.20894879,2886,11867
chief,0.7911083,0.20889169,1813,15351
vietnam,0.79122305,0.20877695,931,7682
favor,0.7912298,0.20877022,5673,40468
inequality,0.79197717,0.20802283,1652,8086
wing,0.7923691,0.20763087,9152,51653
msnbc,0.7924131,0.20758688,1480,16463
nato,0.7924297,0.20757031,990,15145
ideals,0.7924798,0.20752019,1711,14686
vaccines,0.7924868,0.20751321,1508,36646
paul,0.79268575,0.20731425,4154,31335
attacked,0.79269767,0.20730233,2160,22941
climate,0.79278034,0.20721966,6139,55672
cases,0.7928083,0.2071917,5012,83195
christianity,0.793326,0.20667398,1461,15099
felons,0.7934737,0.20652628,477,4798
movement,0.79350424,0.20649576,4523,47705
nazi,0.7936444,0.20635557,3472,33531
cnn,0.7937422,0.20625782,3626,72086
illegally,0.79388154,0.20611846,1595,20217
capitol,0.7939334,0.20606661,2711,25497
putin,0.7941654,0.20583463,5767,31814
country,0.7948301,0.20516992,40939,373284
current,0.7950232,0.2049768,9871,81385
county,0.7951243,0.20487571,3726,35550
pandemic,0.79549086,0.20450914,3894,45832
east,0.79552364,0.20447636,1925,26893
comment,0.79554945,0.20445055,23149,128979
israel,0.79570615,0.20429385,2019,33264
york,0.7957963,0.20420372,4214,36781
attacks,0.79580796,0.20419204,3919,29049
dc,0.795977,0.204023,2959,28614
penalty,0.79609835,0.20390165,1409,12224
terrorists,0.7967192,0.2032808,2733,27928
debunked,0.7968013,0.20319867,502,6560
eligible,0.7969335,0.20306653,1211,7097
disproportionately,0.7971792,0.20282078,564,5257
covid,0.7974068,0.2025932,7716,193233
fake,0.79742754,0.20257246,5378,67180
disease,0.797621,0.20237899,1629,28157
obama,0.7977495,0.20225048,30207,203134
banning,0.79784745,0.20215255,2140,22335
freedoms,0.7978548,0.20214522,1045,13723
guard,0.7979828,0.20201719,1447,15114
minorities,0.7980633,0.20193672,3441,27830
george,0.7982435,0.20175648,2954,30248
trans,0.79827404,0.20172596,2235,29178
impeach,0.79829025,0.20170975,2175,12518
agenda,0.7985573,0.20144272,5142,48193
syria,0.798797,0.20120299,1204,10332
gerrymandering,0.7988626,0.20113742,3003,3651
corrupt,0.7990689,0.20093107,3562,41201
allies,0.799345,0.20065498,1936,15876
reality,0.79965734,0.20034266,9357,76842
flags,0.7998107,0.20018929,1181,11421
outrage,0.79981357,0.20018643,1479,17923
proud,0.7999681,0.20003188,3040,27062
hospitals,0.80001473,0.19998527,1147,20852
hate,0.80011755,0.19988245,18818,171791
legislature,0.8002399,0.19976008,1779,11236
leadership,0.8005293,0.1994707,4147,27913
administration,0.80086184,0.19913816,8754,71767
truth,0.8009106,0.19908941,9249,86475
reelected,0.8017019,0.1982981,1414,8208
dictator,0.8018302,0.19816983,1945,10633
conflict,0.8024598,0.19754022,1552,17801
free,0.80266,0.19734001,19881,225467
ignorance,0.80268586,0.19731414,2751,17656
idiot,0.8026949,0.19730508,5410,42635
illegal,0.80310243,0.19689757,8997,122596
washington,0.80344844,0.19655156,4007,31505
controlled,0.80347955,0.19652045,2085,21346
army,0.8036636,0.19633639,1805,19501
cop,0.8036692,0.19633079,1502,28775
narrative,0.8037463,0.19625372,3782,63894
taxing,0.80377316,0.19622684,677,5892
afghanistan,0.80405974,0.19594026,1915,20489
victim,0.8042854,0.1957146,2039,29595
cabinet,0.8046466,0.19535339,1347,6753
virus,0.8046699,0.19533008,2806,84045
children,0.80475557,0.19524443,10827,138152
china,0.80477554,0.19522446,4625,140006
libertarian,0.8051783,0.19482172,3881,29699
leaders,0.8055228,0.1944772,4352,35137
citizens,0.8055738,0.19442618,8341,87246
defend,0.8057366,0.1942634,4753,49511
ubi,0.8057885,0.19421148,857,5859
calling,0.80591995,0.19408005,9729,93386
judges,0.8060434,0.19395661,3174,24234
hatred,0.8062985,0.1937015,2310,15960
nazis,0.8064632,0.19353682,3496,31553
criminals,0.8070061,0.19299388,2844,33486
vaccine,0.8070916,0.1929084,3178,99452
lawsuit,0.80716455,0.19283545,1090,12333
democracy,0.80727744,0.19272256,12106,48804
politicians,0.807418,0.19258201,8594,86539
killing,0.8074477,0.19255233,4422,52566
enemies,0.807791,0.192209,1795,16266
leaning,0.80792,0.19208002,2085,26221
politics,0.807941,0.19205898,16502,137551
theory,0.8081943,0.19180572,3640,43680
fed,0.8082684,0.19173157,1988,21167
science,0.80842686,0.19157314,4648,70322
criticism,0.8087346,0.1912654,2334,16342
lies,0.80919063,0.19080937,8542,50801
enforcement,0.80927694,0.19072306,2570,26437
vaccinated,0.80931664,0.19068336,1892,40100
corruption,0.8094054,0.19059461,3757,30328
pardon,0.8096545,0.19034553,1599,6575
americans,0.8099574,0.19004261,17539,135693
lawyers,0.8102094,0.1897906,1777,15344
blacks,0.81023777,0.18976223,2145,17657
retirement,0.81055456,0.18944544,1270,9279
unconstitutional,0.8108489,0.18915111,1393,18671
taxpayers,0.81086415,0.18913585,876,11691
sanctions,0.810938,0.189062,1100,9543
proven,0.8112648,0.18873519,3147,36413
bankrupt,0.8112742,0.18872583,1085,7870
enemy,0.81129396,0.18870604,2966,27426
gender,0.81140745,0.18859255,2915,52882
represent,0.8114443,0.18855572,3232,22478
global,0.8115866,0.18841338,3273,38984
allegations,0.8116312,0.1883688,971,12757
mitch,0.81184834,0.18815166,3671,12747
united,0.8120587,0.18794131,9810,68998
domestic,0.8121654,0.18783462,2505,23888
ukraine,0.8123398,0.18766022,2538,49403
capitalism,0.81251603,0.18748397,2669,38211
disagree,0.8126332,0.18736678,8697,86860
fighting,0.81279933,0.18720067,5278,44081
innocent,0.8130847,0.18691528,2834,36523
coup,0.81323725,0.18676275,2104,6731
mass,0.8134533,0.18654668,5156,46417
mueller,0.81347644,0.18652356,2674,14509
politically,0.8137346,0.18626541,3147,28229
constitutional,0.81374884,0.18625116,3596,36316
duty,0.81377935,0.18622065,1805,15942
minority,0.81428546,0.18571454,5763,41819
fox,0.8145258,0.18547422,13061,56136
choice,0.8146415,0.18535852,8886,77474
republic,0.8147892,0.18521082,1925,20031
electorate,0.8150047,0.1849953,1431,5205
rules,0.8152168,0.18478322,16293,70312
regulation,0.8152259,0.1847741,2113,17244
students,0.81544966,0.18455034,2776,46791
wall,0.81578493,0.18421507,7546,47393
allowed,0.8157963,0.18420368,8313,96753
scientific,0.81583464,0.18416536,1319,21179
fight,0.81593555,0.18406445,10137,78813
attack,0.8160037,0.18399632,8294,67319
statement,0.8163608,0.18363923,6710,72588
president,0.81639004,0.18360996,45816,290950
capital,0.8167678,0.18323219,3008,24851
romney,0.81689435,0.18310565,3739,45315
politician,0.8168961,0.18310392,4315,35733
shooter,0.81694555,0.18305445,1306,11989
partisan,0.81702787,0.18297213,2932,22125
representatives,0.81703365,0.18296635,3054,14313
faith,0.81709445,0.18290555,4294,37292
wins,0.8171705,0.1828295,5247,34226
treason,0.81747866,0.18252134,2335,11230
authority,0.8177108,0.18228918,2727,30970
opinion,0.8178263,0.18217373,11678,120390
fraud,0.8190123,0.18098772,6072,85408
mccain,0.81911606,0.18088394,2154,17468
loan,0.8191505,0.1808495,2220,18237
principles,0.8192005,0.18079948,1736,21675
fair,0.8197785,0.1802215,10001,97476
obamas,0.82006973,0.17993027,4483,30447
racial,0.82022417,0.17977583,2234,30334
officers,0.8204693,0.17953068,1764,32827
officials,0.82052195,0.17947805,3639,29809
states,0.82079387,0.17920613,36676,273009
hitler,0.8210025,0.17899752,2822,26345
criminal,0.82138914,0.17861086,6987,47485
delegates,0.82145905,0.17854095,2632,8715
outlets,0.8214635,0.17853647,1274,15986
values,0.8215313,0.1784687,4582,48673
obamacare,0.82158196,0.17841804,3060,20940
supreme,0.82158494,0.17841506,8263,50304
media,0.8219352,0.17806482,17315,298202
th,0.8220388,0.17796117,7448,72676
officer,0.82208014,0.17791986,1644,28503
destroy,0.8221488,0.1778512,3598,40178
immigrants,0.8225997,0.17740029,4237,48269
counties,0.8226863,0.17731369,1154,14750
career,0.8229072,0.17709279,2565,30945
donors,0.82291573,0.17708427,1902,6365
aca,0.8232614,0.17673862,3572,9433
supporter,0.82337844,0.17662156,3882,20199
russia,0.82354903,0.17645097,9641,98999
trade,0.82432115,0.17567885,4230,38087
kill,0.8255515,0.17444849,7071,65302
fund,0.82678545,0.17321455,2807,25130
primaries,0.82756764,0.17243236,4782,14769
minimum,0.827679,0.17232102,23143,44398
loans,0.8280534,0.17194659,2529,26538
reform,0.82848036,0.17151964,4503,23554
jury,0.82857656,0.17142344,1460,16118
congressional,0.8291231,0.17087692,3090,13853
damage,0.82926404,0.17073596,3746,33600
florida,0.82930887,0.17069113,7401,47677
peace,0.8293955,0.17060453,2268,30072
policy,0.8299897,0.17001033,14740,106789
violent,0.8300103,0.1699897,4129,52292
impeached,0.830225,0.16977501,3071,13231
religion,0.8302798,0.16972017,5842,66308
reagan,0.830468,0.169532,3568,23647
governments,0.8304827,0.16951728,2704,33285
majority,0.83059204,0.16940796,16949,124470
vp,0.83077544,0.16922456,2646,21109
iraq,0.8308389,0.16916108,3013,18543
culture,0.83089995,0.16910005,4362,75796
texas,0.8309289,0.16907108,9925,62831
violate,0.8312212,0.16877878,691,8382
legally,0.8318826,0.1681174,3008,32099
congress,0.83188474,0.16811526,16559,89332
bible,0.8319479,0.16805208,2251,19157
courts,0.8323082,0.16769183,3362,32385
black,0.83231056,0.16768944,16698,238833
nuclear,0.8324823,0.16751772,3429,39791
proof,0.8327197,0.16728032,4632,57659
moderate,0.8328401,0.16715991,5541,33252
stimulus,0.83296907,0.16703093,1656,15023
rally,0.833096,0.16690397,2441,17983
mexico,0.8335182,0.1664818,2195,25374
assault,0.8335589,0.16644108,4169,32547
church,0.8336334,0.16636658,3166,42524
scotus,0.83377534,0.16622466,3443,21165
twitter,0.83403194,0.16596806,5703,82862
house,0.8344204,0.16557962,25506,149238
russian,0.83447105,0.16552895,7807,50163
drugs,0.8348817,0.16511828,2833,37464
history,0.8349637,0.16503632,15435,140468
views,0.83526754,0.16473246,6513,59565
power,0.83541894,0.16458106,24510,203274
healthcare,0.83544695,0.16455305,11494,75941
sides,0.83555734,0.16444266,5722,70221
policies,0.8355727,0.16442728,11498,89623
economics,0.83557785,0.16442215,2648,19148
crimes,0.8356283,0.16437173,5917,46606
teachers,0.8357723,0.16422772,2072,38121
bias,0.83586645,0.16413355,2803,37957
murder,0.83616114,0.16383886,3589,67549
slaves,0.83643305,0.16356695,1295,20189
race,0.83666646,0.16333354,10032,109539
liberty,0.83672565,0.16327435,1964,25291
american,0.83694685,0.16305315,22723,204843
shot,0.8369911,0.16300893,5388,73520
schools,0.83707863,0.16292137,4503,66478
government,0.8372004,0.1627996,41077,487473
trial,0.8372022,0.16279781,2783,30512
aisle,0.83776635,0.16223365,890,8356
city,0.8378823,0.16211772,4807,84475
terrorist,0.8382697,0.16173029,2857,31042
funding,0.8384291,0.1615709,4657,41816
facts,0.8384903,0.1615097,10180,85307
moral,0.83853865,0.16146135,3741,39578
recession,0.8388148,0.1611852,1770,10632
attorney,0.83885366,0.16114634,1896,11945
banned,0.838912,0.16108799,4603,51928
judge,0.8389626,0.16103739,4898,48157
false,0.8391821,0.16081792,6267,64391
cities,0.8391977,0.1608023,3303,60281
educated,0.83925396,0.16074604,2672,19540
speech,0.8394848,0.16051519,8225,106103
defense,0.8395148,0.16048521,5395,51856
armed,0.8400519,0.15994811,2912,27855
force,0.8401086,0.15989143,8140,90938
border,0.8406037,0.15939629,3981,59649
executive,0.8407381,0.15926188,3823,34272
federal,0.84079456,0.15920544,14952,136155
california,0.8410928,0.15890718,5439,73814
business,0.84124327,0.15875673,11789,136782
immigration,0.8412638,0.15873623,4377,58290
care,0.84130704,0.15869296,29302,246957
protect,0.8413294,0.1586706,6043,61611
numbers,0.84174657,0.15825343,7697,76021
shootings,0.84182954,0.15817046,2323,17127
cops,0.841917,0.15808302,3143,61531
percent,0.8419881,0.15801191,4867,31635
foreign,0.8421359,0.1578641,6489,60726
fbi,0.84257543,0.15742457,4290,51588
world,0.84288096,0.15711904,23060,254935
senator,0.84291625,0.15708375,5388,19935
inflation,0.843003,0.15699703,2986,33865
winner,0.8432467,0.1567533,1380,9629
million,0.8434148,0.15658522,11329,97460
population,0.8436444,0.15635562,7615,89218
leader,0.84378517,0.15621483,5828,37639
presidency,0.84385127,0.15614873,6453,35055
discussion,0.8441256,0.15587437,5603,66286
state,0.8444263,0.15557373,43548,359137
businesses,0.8451438,0.1548562,4457,61622
party,0.8452338,0.1547662,65634,297879
votes,0.84526205,0.15473795,18232,125314
confederate,0.846019,0.15398097,1097,8827
kids,0.8460995,0.1539005,9945,167981
surprised,0.8461077,0.15389228,5100,51553
campaign,0.846658,0.15334201,18419,81432
poor,0.8467425,0.15325749,13425,97333
slavery,0.84703493,0.15296507,2755,35906
justices,0.84798527,0.15201473,1861,11694
propaganda,0.8481797,0.1518203,5659,50118
safety,0.848462,0.15153801,3891,34910
god,0.84849167,0.15150833,9770,108178
winning,0.84876144,0.15123856,6900,38087
political,0.84886146,0.15113854,29904,258530
opinions,0.8494649,0.1505351,4686,48787
freedom,0.8495928,0.1504072,7367,86707
union,0.8496499,0.1503501,3687,37342
rifle,0.849676,0.15032399,1861,11360
violence,0.8497313,0.15026867,8865,94638
nominee,0.84991443,0.15008557,4146,17079
presidents,0.85000306,0.14999694,4726,27995
evidence,0.85039115,0.14960885,13021,169978
welfare,0.8511643,0.14883572,4223,41211
justice,0.85123485,0.14876515,8259,66593
law,0.8512377,0.14876229,23862,226184
pregnancy,0.8515821,0.14841789,1023,15161
press,0.85169125,0.14830875,3910,43063
medicare,0.8528131,0.14718688,4127,12865
gay,0.85291797,0.14708203,7315,70327
conspiracy,0.8531437,0.14685631,5336,43888
poll,0.85321987,0.14678013,4467,31334
legal,0.85351634,0.14648366,10159,105914
society,0.85370845,0.14629155,9381,107089
voters,0.8537178,0.1462822,24883,93850
filibuster,0.854015,0.145985,3544,7520
nixon,0.85429734,0.14570266,2251,7224
ban,0.85430264,0.14569736,6525,60794
turnout,0.854998,0.14500201,3245,10816
candidate,0.8551365,0.14486349,20228,79868
bill,0.8552367,0.14476329,16273,117907
religious,0.8552879,0.14471209,6726,59203
rights,0.8553493,0.1446507,21933,164773
birth,0.85538876,0.14461124,2991,36717
senators,0.85575175,0.14424825,4706,16975
elected,0.8559352,0.14406478,10869,63518
wars,0.85627735,0.14372265,2860,23625
win,0.856591,0.14340901,26197,138510
workers,0.8566425,0.14335752,6841,51336
drug,0.8570327,0.14296728,3577,41764
death,0.8586441,0.14135587,8204,113038
abortion,0.8586855,0.1413145,9083,104247
ballots,0.85876226,0.14123774,2710,54898
reelection,0.85888815,0.14111185,1980,10635
governor,0.85895175,0.14104825,4823,34543
candidates,0.859389,0.140611,12801,48001
land,0.85957885,0.14042115,3797,41625
bush,0.8598434,0.14015663,8353,49338
lives,0.8598573,0.14014268,9422,108253
wage,0.8598627,0.14013731,8359,47770
citizen,0.86074305,0.13925695,3146,32502
ballot,0.8612555,0.13874447,5214,37468
threat,0.8613852,0.13861477,4648,46530
countries,0.86174977,0.13825023,7997,109471
wealth,0.86177284,0.13822716,4695,35798
voter,0.861908,0.13809198,13109,65632
labor,0.8620434,0.13795662,4347,34965
public,0.8621168,0.13788319,19730,176290
education,0.8621447,0.13785529,8690,78179
hospital,0.8628114,0.13718861,1590,26534
economic,0.8629686,0.13703138,8663,60645
shooting,0.86316884,0.13683116,3884,37640
mental,0.8639173,0.13608271,5266,51595
oath,0.86415756,0.13584244,1511,10064
military,0.86421126,0.13578874,12072,108862
crime,0.86462027,0.13537973,9267,112257
fetus,0.864778,0.13522202,1151,15535
deficit,0.8654769,0.1345231,2227,14149
flag,0.8658998,0.1341002,4155,42380
legislation,0.8659259,0.13407409,6315,28875
property,0.8661176,0.1338824,3642,55012
control,0.86634946,0.13365054,17279,148274
troops,0.8668016,0.13319838,1855,20911
housing,0.8672681,0.13273191,2226,19670
vote,0.8676741,0.13232589,77904,364062
won,0.86890566,0.13109434,12123,67826
firearm,0.868942,0.13105798,1873,14966
poverty,0.86954415,0.13045585,3490,26488
constitution,0.8696419,0.1303581,8637,87891
weapons,0.87017274,0.12982726,5316,35393
economy,0.87049294,0.12950706,11390,96781
budget,0.8705815,0.12941849,3729,32724
voting,0.87087476,0.12912524,28355,152004
civil,0.871418,0.128582,8952,67939
court,0.87155455,0.12844545,16267,132136
deaths,0.8717092,0.12829077,3929,64432
impeachment,0.87286407,0.12713593,5008,29681
investigation,0.87286997,0.12713003,5187,45814
money,0.8732117,0.12678832,38187,336076
news,0.8737067,0.1262933,26478,221766
unemployment,0.8739326,0.1260674,3072,25387
police,0.87542856,0.12457144,11497,205679
middle,0.8756025,0.124397516,9564,80660
amendment,0.8762757,0.12372428,7915,69958
prison,0.87646234,0.12353766,5035,34450
electoral,0.87656987,0.12343013,6156,23365
senate,0.87767506,0.12232494,20319,83747
election,0.8778882,0.1221118,42804,272583
intelligence,0.878353,0.121647,3357,25897
war,0.8783813,0.12161869,19118,161630
rich,0.8787273,0.12127268,10913,66428
insurance,0.8792408,0.12075919,9025,55400
abortions,0.8803267,0.11967331,2304,33394
health,0.8819148,0.118085206,14130,100343
gun,0.88242614,0.11757386,27016,147379
elections,0.88284445,0.11715555,11705,62826
medical,0.88338625,0.116613746,4887,62822
firearms,0.88410425,0.11589575,2974,16699
jobs,0.8856089,0.11439109,11593,94179
wages,0.88649684,0.11350316,3272,21782
guns,0.88660395,0.11339605,17869,91146
debt,0.88755625,0.112443745,7089,53007
prices,0.88823676,0.11176324,3882,45087
paying,0.8886608,0.11133921,7878,73367
jail,0.8901451,0.10985488,3903,37035
polls,0.8901599,0.109840095,8256,41939
laws,0.8901869,0.109813094,15961,132678
tax,0.9013159,0.09868407,22535,182563
income,0.9032247,0.09677529,7995,62824
taxes,0.90789056,0.09210944,13989,128556
